<?xml version = '1.0' encoding = 'UTF-8'?>
<Table class="oracle.dbtools.crest.model.design.relational.Table" directorySegmentName="seg_0" id="072744C4-22E9-A46B-034E-6989B497B4C7" name="URGENCIA">
<createdBy>Antonio</createdBy>
<createdTime>2025-09-14 02:09:09 UTC</createdTime>
<generatorID>954A2893-F5BE-53AC-F016-566071260CBF</generatorID>
<ownerDesignName>Centro Medico San Rafael</ownerDesignName>
<allowColumnReorder>false</allowColumnReorder>
<existDependencyGenerateInDDl>true</existDependencyGenerateInDDl>
<parsed>true</parsed>
<columns itemClass="oracle.dbtools.crest.model.design.relational.Column">
<Column name="id_atencion" id="DD03DB44-3FB4-8B86-E9E1-8B9A52FD28CE">
<createdBy>Antonio</createdBy>
<createdTime>2025-09-14 02:09:09 UTC</createdTime>
<generatorID>5FC37ACF-72DF-92F9-6B3E-F05AC66DA949</generatorID>
<ownerDesignName>Centro Medico San Rafael</ownerDesignName>
<useDomainConstraints>false</useDomainConstraints>
<use>1</use>
<logicalDatatype>LOGDT019</logicalDatatype>
<ownDataTypeParameters>,,</ownDataTypeParameters>
<autoIncrementCycle>false</autoIncrementCycle>
<associations>
<colAssociation fkAssociation="98D403A7-244D-238D-45A9-03E9B5CE44B4" referredColumn="3BD4AAC8-EE1A-2577-F6AE-9F4BEB93F906"/>
</associations>
</Column>
</columns>
<indexes itemClass="oracle.dbtools.crest.model.design.relational.Index">
<ind_PK_UK id="7BB9406C-2C2F-8D8F-2C8F-9B2960141642" name="URGENCIA_PK">
<createdBy>Antonio</createdBy>
<createdTime>2025-09-14 02:09:09 UTC</createdTime>
<generatorID>3B542DFE-D935-9DFF-C408-A86D428F413F</generatorID>
<ownerDesignName>Centro Medico San Rafael</ownerDesignName>
<pk>true</pk>
<indexState>Primary Constraint</indexState>
<isSurrogateKey>false</isSurrogateKey>
<indexColumnUsage>
<colUsage columnID="DD03DB44-3FB4-8B86-E9E1-8B9A52FD28CE"/>
</indexColumnUsage>
</ind_PK_UK>
<ind_PK_UK id="8E685DDA-A4CC-8D88-9D33-1F7A718D9D1B" name="URGENCIA_ATENCION_MEDICA_FK">
<createdBy>Antonio</createdBy>
<createdTime>2025-09-14 02:09:09 UTC</createdTime>
<generatorID>1F864B04-930D-907A-0F8F-5D1CFCB5111A</generatorID>
<ownerDesignName>Centro Medico San Rafael</ownerDesignName>
<indexState>Foreign Key</indexState>
<isSurrogateKey>false</isSurrogateKey>
<indexColumnUsage>
<colUsage columnID="DD03DB44-3FB4-8B86-E9E1-8B9A52FD28CE"/>
</indexColumnUsage>
</ind_PK_UK>
</indexes>
</Table>