<?xml version = '1.0' encoding = 'UTF-8'?>
<Table class="oracle.dbtools.crest.model.design.relational.Table" directorySegmentName="seg_0" id="10BB1D52-1415-88A9-5402-BFA1F9C06333" name="PREVENTIVA">
<createdBy>Antonio</createdBy>
<createdTime>2025-09-14 02:09:09 UTC</createdTime>
<generatorID>68B4FFD1-ADF1-B07E-3395-EE4A981028C5</generatorID>
<ownerDesignName>Centro Medico San Rafael</ownerDesignName>
<allowColumnReorder>false</allowColumnReorder>
<existDependencyGenerateInDDl>true</existDependencyGenerateInDDl>
<parsed>true</parsed>
<columns itemClass="oracle.dbtools.crest.model.design.relational.Column">
<Column name="id_atencion" id="3B17195A-76B3-4C43-33AE-4A83BBC3616E">
<createdBy>Antonio</createdBy>
<createdTime>2025-09-14 02:09:09 UTC</createdTime>
<generatorID>5FC37ACF-72DF-92F9-6B3E-F05AC66DA949</generatorID>
<ownerDesignName>Centro Medico San Rafael</ownerDesignName>
<useDomainConstraints>false</useDomainConstraints>
<use>1</use>
<logicalDatatype>LOGDT019</logicalDatatype>
<ownDataTypeParameters>,,</ownDataTypeParameters>
<autoIncrementCycle>false</autoIncrementCycle>
<associations>
<colAssociation fkAssociation="7DA99A5D-A770-D06F-C2AA-41421B2465FE" referredColumn="3BD4AAC8-EE1A-2577-F6AE-9F4BEB93F906"/>
</associations>
</Column>
</columns>
<indexes itemClass="oracle.dbtools.crest.model.design.relational.Index">
<ind_PK_UK id="756ECF8A-5AE5-F567-DA8B-AF486112C4DF" name="PREVENTIVA_PK">
<createdBy>Antonio</createdBy>
<createdTime>2025-09-14 02:09:09 UTC</createdTime>
<generatorID>3B542DFE-D935-9DFF-C408-A86D428F413F</generatorID>
<ownerDesignName>Centro Medico San Rafael</ownerDesignName>
<pk>true</pk>
<indexState>Primary Constraint</indexState>
<isSurrogateKey>false</isSurrogateKey>
<indexColumnUsage>
<colUsage columnID="3B17195A-76B3-4C43-33AE-4A83BBC3616E"/>
</indexColumnUsage>
</ind_PK_UK>
<ind_PK_UK id="0AA46466-71F1-4F09-EB1E-F31CA71E1BE9" name="PREVENTIVA_ATENCION_MEDICA_FK">
<createdBy>Antonio</createdBy>
<createdTime>2025-09-14 02:09:09 UTC</createdTime>
<generatorID>34E72FAF-01D4-C350-5950-8AAFBA140353</generatorID>
<ownerDesignName>Centro Medico San Rafael</ownerDesignName>
<indexState>Foreign Key</indexState>
<isSurrogateKey>false</isSurrogateKey>
<indexColumnUsage>
<colUsage columnID="3B17195A-76B3-4C43-33AE-4A83BBC3616E"/>
</indexColumnUsage>
</ind_PK_UK>
</indexes>
</Table>