<?xml version = '1.0' encoding = 'UTF-8'?>
<Table class="oracle.dbtools.crest.model.design.relational.Table" directorySegmentName="seg_0" id="1F266FA7-7A5F-B8CF-DCB1-97670AC3625E" name="MEDICO">
<createdBy>Antonio</createdBy>
<createdTime>2025-09-14 02:09:09 UTC</createdTime>
<generatorID>60B71467-B81F-BEAE-35AA-F12F051AAA33</generatorID>
<ownerDesignName>Centro Medico San Rafael</ownerDesignName>
<allowColumnReorder>false</allowColumnReorder>
<existDependencyGenerateInDDl>true</existDependencyGenerateInDDl>
<parsed>true</parsed>
<columns itemClass="oracle.dbtools.crest.model.design.relational.Column">
<Column name="id_medico" id="DE36E3A1-F751-5AAA-EBEC-793B4F54804C">
<createdBy>Antonio</createdBy>
<createdTime>2025-09-14 02:09:09 UTC</createdTime>
<generatorID>5C02222B-8C67-4E3A-45CA-F429A6CBF610</generatorID>
<ownerDesignName>Centro Medico San Rafael</ownerDesignName>
<useDomainConstraints>false</useDomainConstraints>
<use>1</use>
<logicalDatatype>LOGDT019</logicalDatatype>
<ownDataTypeParameters>,,</ownDataTypeParameters>
<autoIncrementCycle>false</autoIncrementCycle>
</Column>
<Column name="rut_medico" id="C3E67BD4-0786-A9DD-73BD-C7781722B439">
<createdBy>Antonio</createdBy>
<createdTime>2025-09-14 02:09:09 UTC</createdTime>
<generatorID>DDBD510C-541D-9BF5-48D5-6C9401269DFB</generatorID>
<ownerDesignName>Centro Medico San Rafael</ownerDesignName>
<useDomainConstraints>false</useDomainConstraints>
<use>1</use>
<logicalDatatype>LOGDT024</logicalDatatype>
<dataTypeSize>15</dataTypeSize>
<ownDataTypeParameters>15,,</ownDataTypeParameters>
<autoIncrementCycle>false</autoIncrementCycle>
</Column>
<Column name="nombre_medico" id="75BB8681-E762-B8F4-6010-CC72CAED304A">
<createdBy>Antonio</createdBy>
<createdTime>2025-09-14 02:09:09 UTC</createdTime>
<generatorID>52EEB203-14A1-244C-B477-B567225261C9</generatorID>
<ownerDesignName>Centro Medico San Rafael</ownerDesignName>
<useDomainConstraints>false</useDomainConstraints>
<use>1</use>
<logicalDatatype>LOGDT024</logicalDatatype>
<dataTypeSize>30</dataTypeSize>
<ownDataTypeParameters>30,,</ownDataTypeParameters>
<autoIncrementCycle>false</autoIncrementCycle>
</Column>
<Column name="fecha_ingreso" id="C5372C88-757E-CFE4-84B2-5F2D193D8D0A">
<createdBy>Antonio</createdBy>
<createdTime>2025-09-14 02:09:09 UTC</createdTime>
<generatorID>1123DA28-BA14-08FB-ABFC-807C37455746</generatorID>
<ownerDesignName>Centro Medico San Rafael</ownerDesignName>
<useDomainConstraints>false</useDomainConstraints>
<use>1</use>
<logicalDatatype>LOGDT007</logicalDatatype>
<ownDataTypeParameters>,,</ownDataTypeParameters>
<autoIncrementCycle>false</autoIncrementCycle>
</Column>
<Column name="INSTITUCION_SALUD_id_inst" id="7518F880-4187-2B73-4889-02B552EDBBAC">
<createdBy>Antonio</createdBy>
<createdTime>2025-09-14 02:09:09 UTC</createdTime>
<generatorID>B9D06B13-1668-A605-1E9A-D4E86BBD9F0B</generatorID>
<ownerDesignName>Centro Medico San Rafael</ownerDesignName>
<nullsAllowed>true</nullsAllowed>
<useDomainConstraints>false</useDomainConstraints>
<use>1</use>
<logicalDatatype>LOGDT019</logicalDatatype>
<ownDataTypeParameters>,,</ownDataTypeParameters>
<previousColumn>false</previousColumn>
<autoIncrementCycle>false</autoIncrementCycle>
<associations>
<colAssociation fkAssociation="DF92E8D6-EC8A-A5DE-EB57-1673F860DBFA" referredColumn="57ADF60D-BC0E-FDB6-93CB-CC7AA46852D2"/>
</associations>
</Column>
<Column name="AFP_id_afp" id="CB0C08E1-F1A2-1438-4B75-29CABD4D1AD6">
<createdBy>Antonio</createdBy>
<createdTime>2025-09-14 02:09:09 UTC</createdTime>
<generatorID>818D4EFA-4E4F-4A9E-CD9B-8825CB720E21</generatorID>
<ownerDesignName>Centro Medico San Rafael</ownerDesignName>
<nullsAllowed>true</nullsAllowed>
<useDomainConstraints>false</useDomainConstraints>
<use>1</use>
<logicalDatatype>LOGDT019</logicalDatatype>
<ownDataTypeParameters>,,</ownDataTypeParameters>
<previousColumn>false</previousColumn>
<autoIncrementCycle>false</autoIncrementCycle>
<associations>
<colAssociation fkAssociation="FAEABD1F-F41B-FFEF-20B8-6A4C8AFB5C6A" referredColumn="070DCEA2-6FCD-E5BB-D15A-7F6EB8B9BEF6"/>
</associations>
</Column>
<Column name="MEDICO_id_medico" id="B002AC6B-6D1B-78F6-E310-F744A83EE96B">
<createdBy>Antonio</createdBy>
<createdTime>2025-09-14 02:09:09 UTC</createdTime>
<generatorID>559E0472-63FE-422B-6E95-73A96E3B7285</generatorID>
<ownerDesignName>Centro Medico San Rafael</ownerDesignName>
<nullsAllowed>true</nullsAllowed>
<useDomainConstraints>false</useDomainConstraints>
<use>1</use>
<logicalDatatype>LOGDT019</logicalDatatype>
<ownDataTypeParameters>,,</ownDataTypeParameters>
<previousColumn>false</previousColumn>
<autoIncrementCycle>false</autoIncrementCycle>
<associations>
<colAssociation fkAssociation="EB073888-2C32-97ED-61B5-EAFC97C905A4" referredColumn="DE36E3A1-F751-5AAA-EBEC-793B4F54804C"/>
</associations>
</Column>
<Column name="ESPECIALIDAD_nomb_esp" id="E18A3D52-C2E9-3E7F-86BD-F67367325F45">
<createdBy>Antonio</createdBy>
<createdTime>2025-09-14 02:09:09 UTC</createdTime>
<generatorID>4C208C22-584B-6421-27F2-6A4C1EC86ACE</generatorID>
<ownerDesignName>Centro Medico San Rafael</ownerDesignName>
<nullsAllowed>true</nullsAllowed>
<useDomainConstraints>false</useDomainConstraints>
<use>1</use>
<logicalDatatype>LOGDT024</logicalDatatype>
<dataTypeSize>30</dataTypeSize>
<ownDataTypeParameters>,,</ownDataTypeParameters>
<previousColumn>false</previousColumn>
<autoIncrementCycle>false</autoIncrementCycle>
<associations>
<colAssociation fkAssociation="E21ED22C-2A6D-B9E3-0FC1-3C6D6E899CDC" referredColumn="C3617A52-48C1-1B4B-C219-1B5C340D9148"/>
</associations>
</Column>
</columns>
<indexes itemClass="oracle.dbtools.crest.model.design.relational.Index">
<ind_PK_UK id="9ED563ED-820B-9878-2D68-18D6E3773AC2" name="MEDICO_PK">
<createdBy>Antonio</createdBy>
<createdTime>2025-09-14 02:09:09 UTC</createdTime>
<generatorID>125B08B9-AB11-5C1F-BF13-9B4FB08AE5E0</generatorID>
<ownerDesignName>Centro Medico San Rafael</ownerDesignName>
<pk>true</pk>
<indexState>Primary Constraint</indexState>
<isSurrogateKey>false</isSurrogateKey>
<indexColumnUsage>
<colUsage columnID="DE36E3A1-F751-5AAA-EBEC-793B4F54804C"/>
</indexColumnUsage>
</ind_PK_UK>
<ind_PK_UK id="258C001E-B62F-CFC0-B2BF-A659204E28D3" name="MEDICO_rut_medico_UN">
<createdBy>Antonio</createdBy>
<createdTime>2025-09-14 02:09:09 UTC</createdTime>
<generatorID>B0DD7DBA-2D0D-FA29-FA5A-BE0EE6212C39</generatorID>
<ownerDesignName>Centro Medico San Rafael</ownerDesignName>
<indexState>Unique Constraint</indexState>
<isSurrogateKey>false</isSurrogateKey>
<indexColumnUsage>
<colUsage columnID="C3E67BD4-0786-A9DD-73BD-C7781722B439"/>
</indexColumnUsage>
</ind_PK_UK>
<ind_PK_UK id="DDF2808C-CFF0-1E56-6D5E-7EEAEEFD4FC4" name="MEDICO_AFP_FK">
<createdBy>Antonio</createdBy>
<createdTime>2025-09-14 02:09:09 UTC</createdTime>
<generatorID>89D7B9B7-C91D-3E6C-A11B-20D967485405</generatorID>
<ownerDesignName>Centro Medico San Rafael</ownerDesignName>
<indexState>Foreign Key</indexState>
<isSurrogateKey>false</isSurrogateKey>
<indexColumnUsage>
<colUsage columnID="CB0C08E1-F1A2-1438-4B75-29CABD4D1AD6"/>
</indexColumnUsage>
</ind_PK_UK>
<ind_PK_UK id="0844269E-D04C-ADE5-FB27-34AF74D3CE79" name="MEDICO_ESPECIALIDAD_FK">
<createdBy>Antonio</createdBy>
<createdTime>2025-09-14 02:09:09 UTC</createdTime>
<generatorID>EFF8F955-7259-FD58-21ED-CEE05C6A04B8</generatorID>
<ownerDesignName>Centro Medico San Rafael</ownerDesignName>
<indexState>Foreign Key</indexState>
<isSurrogateKey>false</isSurrogateKey>
<indexColumnUsage>
<colUsage columnID="E18A3D52-C2E9-3E7F-86BD-F67367325F45"/>
</indexColumnUsage>
</ind_PK_UK>
<ind_PK_UK id="445414C6-9F81-5CA0-6A66-0C3DBF3C9C78" name="MEDICO_INSTITUCION_SALUD_FK">
<createdBy>Antonio</createdBy>
<createdTime>2025-09-14 02:09:09 UTC</createdTime>
<generatorID>0B70E262-4E5A-7DF6-F48B-20CE614308E1</generatorID>
<ownerDesignName>Centro Medico San Rafael</ownerDesignName>
<indexState>Foreign Key</indexState>
<isSurrogateKey>false</isSurrogateKey>
<indexColumnUsage>
<colUsage columnID="7518F880-4187-2B73-4889-02B552EDBBAC"/>
</indexColumnUsage>
</ind_PK_UK>
<ind_PK_UK id="B2BEF7FC-C97D-7B89-19B7-B47D859E25EE" name="MEDICO_MEDICO_FK">
<createdBy>Antonio</createdBy>
<createdTime>2025-09-14 02:09:09 UTC</createdTime>
<generatorID>7C9EE4B1-52FC-9FF5-B23B-A182C0B91C5B</generatorID>
<ownerDesignName>Centro Medico San Rafael</ownerDesignName>
<indexState>Foreign Key</indexState>
<isSurrogateKey>false</isSurrogateKey>
<indexColumnUsage>
<colUsage columnID="B002AC6B-6D1B-78F6-E310-F744A83EE96B"/>
</indexColumnUsage>
</ind_PK_UK>
</indexes>
</Table>