<?xml version = '1.0' encoding = 'UTF-8'?>
<Table class="oracle.dbtools.crest.model.design.relational.Table" directorySegmentName="seg_0" id="21EB8215-0052-DB15-C902-E4BF561584BD" name="PAGO_EFECTIVO">
<createdBy>Antonio</createdBy>
<createdTime>2025-09-14 02:09:09 UTC</createdTime>
<generatorID>75C1A921-E124-59D8-5362-63393F130774</generatorID>
<ownerDesignName>Centro Medico San Rafael</ownerDesignName>
<allowColumnReorder>false</allowColumnReorder>
<existDependencyGenerateInDDl>true</existDependencyGenerateInDDl>
<parsed>true</parsed>
<columns itemClass="oracle.dbtools.crest.model.design.relational.Column">
<Column name="id_pago" id="983AC212-F4D1-6350-1C65-C51A2CE82A65">
<createdBy>Antonio</createdBy>
<createdTime>2025-09-14 02:09:09 UTC</createdTime>
<generatorID>D49C9F6B-9BCF-96E0-66BB-3ED1711A5333</generatorID>
<ownerDesignName>Centro Medico San Rafael</ownerDesignName>
<useDomainConstraints>false</useDomainConstraints>
<use>1</use>
<logicalDatatype>LOGDT019</logicalDatatype>
<ownDataTypeParameters>,,</ownDataTypeParameters>
<autoIncrementCycle>false</autoIncrementCycle>
<associations>
<colAssociation fkAssociation="A5CF7E7B-07C8-D007-A988-86CD4383DCCF" referredColumn="04B1D48D-3CE8-A4BF-4D77-18FF0D8F09B9"/>
</associations>
</Column>
</columns>
<indexes itemClass="oracle.dbtools.crest.model.design.relational.Index">
<ind_PK_UK id="231A61D3-0DE5-07DF-F6BC-79A267036C4D" name="PAGO_EFECTIVO_PK">
<createdBy>Antonio</createdBy>
<createdTime>2025-09-14 02:09:09 UTC</createdTime>
<generatorID>7A32E09F-9DD8-D364-5850-D344775B43B2</generatorID>
<ownerDesignName>Centro Medico San Rafael</ownerDesignName>
<pk>true</pk>
<indexState>Primary Constraint</indexState>
<isSurrogateKey>false</isSurrogateKey>
<indexColumnUsage>
<colUsage columnID="983AC212-F4D1-6350-1C65-C51A2CE82A65"/>
</indexColumnUsage>
</ind_PK_UK>
<ind_PK_UK id="9A68C5D2-44B7-9597-D1FD-9F596EF58466" name="PAGO_EFECTIVO_PAGO_FK">
<createdBy>Antonio</createdBy>
<createdTime>2025-09-14 02:09:09 UTC</createdTime>
<generatorID>8D790415-41AD-811E-6C1C-49D1E7A15F0D</generatorID>
<ownerDesignName>Centro Medico San Rafael</ownerDesignName>
<indexState>Foreign Key</indexState>
<isSurrogateKey>false</isSurrogateKey>
<indexColumnUsage>
<colUsage columnID="983AC212-F4D1-6350-1C65-C51A2CE82A65"/>
</indexColumnUsage>
</ind_PK_UK>
</indexes>
</Table>