<?xml version = '1.0' encoding = 'UTF-8'?>
<Table class="oracle.dbtools.crest.model.design.relational.Table" directorySegmentName="seg_0" id="4843F516-2757-3B39-41AA-43A776B03AA6" name="PAGO_DEBITO">
<createdBy>Antonio</createdBy>
<createdTime>2025-09-14 02:09:09 UTC</createdTime>
<generatorID>70D29E24-AE4C-4CD2-822D-55E1C65FCAB5</generatorID>
<ownerDesignName>Centro Medico San Rafael</ownerDesignName>
<allowColumnReorder>false</allowColumnReorder>
<existDependencyGenerateInDDl>true</existDependencyGenerateInDDl>
<parsed>true</parsed>
<columns itemClass="oracle.dbtools.crest.model.design.relational.Column">
<Column name="id_pago" id="D61B8B52-3164-90F0-5EE9-911083FC4B08">
<createdBy>Antonio</createdBy>
<createdTime>2025-09-14 02:09:09 UTC</createdTime>
<generatorID>D49C9F6B-9BCF-96E0-66BB-3ED1711A5333</generatorID>
<ownerDesignName>Centro Medico San Rafael</ownerDesignName>
<useDomainConstraints>false</useDomainConstraints>
<use>1</use>
<logicalDatatype>LOGDT019</logicalDatatype>
<ownDataTypeParameters>,,</ownDataTypeParameters>
<autoIncrementCycle>false</autoIncrementCycle>
<associations>
<colAssociation fkAssociation="5FCA2F89-4699-DD08-73B5-8E00FF45E93C" referredColumn="7841C352-0A97-2C6A-23AF-A9A762095236"/>
</associations>
</Column>
</columns>
<indexes itemClass="oracle.dbtools.crest.model.design.relational.Index">
<ind_PK_UK id="E97030BC-1DA7-489E-2071-906CA31A2CA6" name="PAGO_DEBITO_PK">
<createdBy>Antonio</createdBy>
<createdTime>2025-09-14 02:09:09 UTC</createdTime>
<generatorID>7A32E09F-9DD8-D364-5850-D344775B43B2</generatorID>
<ownerDesignName>Centro Medico San Rafael</ownerDesignName>
<pk>true</pk>
<indexState>Primary Constraint</indexState>
<isSurrogateKey>false</isSurrogateKey>
<indexColumnUsage>
<colUsage columnID="D61B8B52-3164-90F0-5EE9-911083FC4B08"/>
</indexColumnUsage>
</ind_PK_UK>
<ind_PK_UK id="011250AF-9A81-9838-BC4B-43FFC234A843" name="PAGO_DEBITO_PAGO_TARJETA_FK">
<createdBy>Antonio</createdBy>
<createdTime>2025-09-14 02:09:09 UTC</createdTime>
<generatorID>28B1948F-B373-898E-7B48-291CDF00960A</generatorID>
<ownerDesignName>Centro Medico San Rafael</ownerDesignName>
<indexState>Foreign Key</indexState>
<isSurrogateKey>false</isSurrogateKey>
<indexColumnUsage>
<colUsage columnID="D61B8B52-3164-90F0-5EE9-911083FC4B08"/>
</indexColumnUsage>
</ind_PK_UK>
</indexes>
</Table>