<?xml version = '1.0' encoding = 'UTF-8'?>
<Table class="oracle.dbtools.crest.model.design.relational.Table" directorySegmentName="seg_0" id="6BE6D50F-AE1D-DA5B-760E-0E92B83303F4" name="COMUNA">
<createdBy>Antonio</createdBy>
<createdTime>2025-09-14 02:09:09 UTC</createdTime>
<generatorID>4AEC33D1-BD0C-C6F1-546B-AC098A3A673E</generatorID>
<ownerDesignName>Centro Medico San Rafael</ownerDesignName>
<allowColumnReorder>false</allowColumnReorder>
<existDependencyGenerateInDDl>true</existDependencyGenerateInDDl>
<parsed>true</parsed>
<columns itemClass="oracle.dbtools.crest.model.design.relational.Column">
<Column name="id_comuna" id="D8E41981-A18D-97F5-6D54-64D8BCA9CADD">
<createdBy>Antonio</createdBy>
<createdTime>2025-09-14 02:09:09 UTC</createdTime>
<generatorID>E9EBD41B-F304-A901-5DE3-505949B6387E</generatorID>
<ownerDesignName>Centro Medico San Rafael</ownerDesignName>
<useDomainConstraints>false</useDomainConstraints>
<use>1</use>
<logicalDatatype>LOGDT019</logicalDatatype>
<ownDataTypeParameters>,,</ownDataTypeParameters>
<autoIncrementCycle>false</autoIncrementCycle>
</Column>
<Column name="nombre_comuna" id="649B6FB4-179B-C2B0-B0C5-27CF95E67251">
<createdBy>Antonio</createdBy>
<createdTime>2025-09-14 02:09:09 UTC</createdTime>
<generatorID>F418D246-E234-D6E4-A724-5C3AB9F25001</generatorID>
<ownerDesignName>Centro Medico San Rafael</ownerDesignName>
<useDomainConstraints>false</useDomainConstraints>
<use>1</use>
<logicalDatatype>LOGDT024</logicalDatatype>
<dataTypeSize>30</dataTypeSize>
<ownDataTypeParameters>30,,</ownDataTypeParameters>
<autoIncrementCycle>false</autoIncrementCycle>
</Column>
<Column name="REGION_id_region" id="45ACE2E4-F56A-C5ED-433F-60D41916D50B">
<createdBy>Antonio</createdBy>
<createdTime>2025-09-14 02:09:09 UTC</createdTime>
<generatorID>40B7F95E-4D4D-80CC-BAA3-B510EF7D985E</generatorID>
<ownerDesignName>Centro Medico San Rafael</ownerDesignName>
<useDomainConstraints>false</useDomainConstraints>
<use>1</use>
<logicalDatatype>LOGDT019</logicalDatatype>
<ownDataTypeParameters>,,</ownDataTypeParameters>
<previousColumn>false</previousColumn>
<autoIncrementCycle>false</autoIncrementCycle>
<associations>
<colAssociation fkAssociation="959DB414-E0ED-2490-5CDA-953D4A27AAAF" referredColumn="5506E92F-9D1E-8EF5-8D83-8281B5A55B3C"/>
</associations>
</Column>
</columns>
<indexes itemClass="oracle.dbtools.crest.model.design.relational.Index">
<ind_PK_UK id="08F179E0-5991-F218-481B-FC7A924EF064" name="COMUNA_PK">
<createdBy>Antonio</createdBy>
<createdTime>2025-09-14 02:09:09 UTC</createdTime>
<generatorID>2BDC3555-E1D2-5BA2-7F13-610D22D78B0A</generatorID>
<ownerDesignName>Centro Medico San Rafael</ownerDesignName>
<pk>true</pk>
<indexState>Primary Constraint</indexState>
<isSurrogateKey>false</isSurrogateKey>
<indexColumnUsage>
<colUsage columnID="D8E41981-A18D-97F5-6D54-64D8BCA9CADD"/>
</indexColumnUsage>
</ind_PK_UK>
<ind_PK_UK id="21C4A2B3-8B34-663B-3DBE-A8D24B0A89BD" name="COMUNA_nombre_comuna_UN">
<createdBy>Antonio</createdBy>
<createdTime>2025-09-14 02:09:09 UTC</createdTime>
<generatorID>5EB5E239-5239-2A3F-40BD-E55C0370FC97</generatorID>
<ownerDesignName>Centro Medico San Rafael</ownerDesignName>
<indexState>Unique Constraint</indexState>
<isSurrogateKey>false</isSurrogateKey>
<indexColumnUsage>
<colUsage columnID="649B6FB4-179B-C2B0-B0C5-27CF95E67251"/>
</indexColumnUsage>
</ind_PK_UK>
<ind_PK_UK id="355D1312-17F4-196A-B1BC-E5CDD67348F7" name="COMUNA_REGION_FK">
<createdBy>Antonio</createdBy>
<createdTime>2025-09-14 02:09:09 UTC</createdTime>
<generatorID>F087F436-5F92-0C63-3726-802FDBA5F3B7</generatorID>
<ownerDesignName>Centro Medico San Rafael</ownerDesignName>
<indexState>Foreign Key</indexState>
<isSurrogateKey>false</isSurrogateKey>
<indexColumnUsage>
<colUsage columnID="45ACE2E4-F56A-C5ED-433F-60D41916D50B"/>
</indexColumnUsage>
</ind_PK_UK>
</indexes>
</Table>