<?xml version = '1.0' encoding = 'UTF-8'?>
<Table class="oracle.dbtools.crest.model.design.relational.Table" directorySegmentName="seg_0" id="81166978-F49A-516A-2CEB-30DD536DCC99" name="PREPARACION">
<createdBy>Antonio</createdBy>
<createdTime>2025-09-14 02:09:09 UTC</createdTime>
<generatorID>8740A273-479D-91A8-7875-F0B48E13DFDD</generatorID>
<ownerDesignName>Centro Medico San Rafael</ownerDesignName>
<allowColumnReorder>false</allowColumnReorder>
<existDependencyGenerateInDDl>true</existDependencyGenerateInDDl>
<parsed>true</parsed>
<columns itemClass="oracle.dbtools.crest.model.design.relational.Column">
<Column name="id_preparacion" id="D62EEAE5-4C41-DE6E-3408-624C3D8C44B9">
<createdBy>Antonio</createdBy>
<createdTime>2025-09-14 02:09:09 UTC</createdTime>
<generatorID>5019FE55-4004-A8A8-1C3C-5CA8A50E1368</generatorID>
<ownerDesignName>Centro Medico San Rafael</ownerDesignName>
<useDomainConstraints>false</useDomainConstraints>
<use>1</use>
<logicalDatatype>LOGDT019</logicalDatatype>
<ownDataTypeParameters>,,</ownDataTypeParameters>
<autoIncrementCycle>false</autoIncrementCycle>
</Column>
<Column name="nomb_prep" id="F53D4896-3077-CD1A-9CA0-B2362CAEA43E">
<createdBy>Antonio</createdBy>
<createdTime>2025-09-14 02:09:09 UTC</createdTime>
<generatorID>1F8574B5-6C2A-0B14-3534-3BBBFFB63986</generatorID>
<ownerDesignName>Centro Medico San Rafael</ownerDesignName>
<useDomainConstraints>false</useDomainConstraints>
<use>1</use>
<logicalDatatype>LOGDT024</logicalDatatype>
<dataTypeSize>30</dataTypeSize>
<ownDataTypeParameters>30,,</ownDataTypeParameters>
<autoIncrementCycle>false</autoIncrementCycle>
</Column>
<Column name="EXAMEN_id_examen" id="81575D85-016C-7E5D-AE84-D95CF31D244A">
<createdBy>Antonio</createdBy>
<createdTime>2025-09-14 02:09:09 UTC</createdTime>
<generatorID>2F5A1320-83A5-5668-4861-25CF834991DE</generatorID>
<ownerDesignName>Centro Medico San Rafael</ownerDesignName>
<nullsAllowed>true</nullsAllowed>
<useDomainConstraints>false</useDomainConstraints>
<use>1</use>
<logicalDatatype>LOGDT019</logicalDatatype>
<ownDataTypeParameters>,,</ownDataTypeParameters>
<previousColumn>false</previousColumn>
<autoIncrementCycle>false</autoIncrementCycle>
<associations>
<colAssociation fkAssociation="FFC5D3C3-AFDE-5BA7-5C0C-F0308A3C0618" referredColumn="84FD7BEE-CF52-C70F-5CBD-0B03B218112B"/>
</associations>
</Column>
</columns>
<indexes itemClass="oracle.dbtools.crest.model.design.relational.Index">
<ind_PK_UK id="076CCA74-7E59-A764-9DAF-C37BFC08D991" name="PREPARACION_PK">
<createdBy>Antonio</createdBy>
<createdTime>2025-09-14 02:09:09 UTC</createdTime>
<generatorID>1C8DF77E-74CD-3805-5C8D-B196891BF39A</generatorID>
<ownerDesignName>Centro Medico San Rafael</ownerDesignName>
<pk>true</pk>
<indexState>Primary Constraint</indexState>
<isSurrogateKey>false</isSurrogateKey>
<indexColumnUsage>
<colUsage columnID="D62EEAE5-4C41-DE6E-3408-624C3D8C44B9"/>
</indexColumnUsage>
</ind_PK_UK>
<ind_PK_UK id="30953FEF-E196-139A-2B21-99EA7F77A7ED" name="PREPARACION_nomb_prep_UN">
<createdBy>Antonio</createdBy>
<createdTime>2025-09-14 02:09:09 UTC</createdTime>
<generatorID>1382E7FE-C63C-8106-9BBA-FCE5629646B7</generatorID>
<ownerDesignName>Centro Medico San Rafael</ownerDesignName>
<indexState>Unique Constraint</indexState>
<isSurrogateKey>false</isSurrogateKey>
<indexColumnUsage>
<colUsage columnID="F53D4896-3077-CD1A-9CA0-B2362CAEA43E"/>
</indexColumnUsage>
</ind_PK_UK>
<ind_PK_UK id="E9A1E15C-C431-E433-4E8A-85B01FEF0B52" name="PREPARACION_EXAMEN_FK">
<createdBy>Antonio</createdBy>
<createdTime>2025-09-14 02:09:09 UTC</createdTime>
<generatorID>CBA47755-AA28-3BE9-AA7D-A20E6D08221C</generatorID>
<ownerDesignName>Centro Medico San Rafael</ownerDesignName>
<indexState>Foreign Key</indexState>
<isSurrogateKey>false</isSurrogateKey>
<indexColumnUsage>
<colUsage columnID="81575D85-016C-7E5D-AE84-D95CF31D244A"/>
</indexColumnUsage>
</ind_PK_UK>
</indexes>
</Table>