<?xml version = '1.0' encoding = 'UTF-8'?>
<Table class="oracle.dbtools.crest.model.design.relational.Table" directorySegmentName="seg_0" id="83849CBD-49A6-5923-66BE-8F3280FC6F87" name="PACIENTE">
<createdBy>Antonio</createdBy>
<createdTime>2025-09-14 02:09:09 UTC</createdTime>
<generatorID>85784F12-941F-EE86-4059-382CE31B6516</generatorID>
<ownerDesignName>Centro Medico San Rafael</ownerDesignName>
<allowColumnReorder>false</allowColumnReorder>
<existDependencyGenerateInDDl>true</existDependencyGenerateInDDl>
<parsed>true</parsed>
<columns itemClass="oracle.dbtools.crest.model.design.relational.Column">
<Column name="id_paciente" id="A25320F5-F962-11B3-33C7-C58304B1B9CE">
<createdBy>Antonio</createdBy>
<createdTime>2025-09-14 02:09:09 UTC</createdTime>
<generatorID>199C6042-4DAD-E25B-B134-865B7D0F99E7</generatorID>
<ownerDesignName>Centro Medico San Rafael</ownerDesignName>
<useDomainConstraints>false</useDomainConstraints>
<use>1</use>
<logicalDatatype>LOGDT019</logicalDatatype>
<ownDataTypeParameters>,,</ownDataTypeParameters>
<autoIncrementCycle>false</autoIncrementCycle>
</Column>
<Column name="rut_paciente" id="44FC5F9F-F22E-0BFE-7240-9CA95D6A5880">
<createdBy>Antonio</createdBy>
<createdTime>2025-09-14 02:09:09 UTC</createdTime>
<generatorID>A7D4B11F-BA83-EB6A-A728-DC014A41AE68</generatorID>
<ownerDesignName>Centro Medico San Rafael</ownerDesignName>
<useDomainConstraints>false</useDomainConstraints>
<use>1</use>
<logicalDatatype>LOGDT024</logicalDatatype>
<dataTypeSize>15</dataTypeSize>
<ownDataTypeParameters>15,,</ownDataTypeParameters>
<autoIncrementCycle>false</autoIncrementCycle>
</Column>
<Column name="nombre_paciente" id="E9FF8B34-D286-E262-A7F0-0D26D79F05A9">
<createdBy>Antonio</createdBy>
<createdTime>2025-09-14 02:09:09 UTC</createdTime>
<generatorID>F26F5155-8E30-CF15-CDA9-F5E0D7AC0D93</generatorID>
<ownerDesignName>Centro Medico San Rafael</ownerDesignName>
<useDomainConstraints>false</useDomainConstraints>
<use>1</use>
<logicalDatatype>LOGDT024</logicalDatatype>
<dataTypeSize>30</dataTypeSize>
<ownDataTypeParameters>30,,</ownDataTypeParameters>
<autoIncrementCycle>false</autoIncrementCycle>
</Column>
<Column name="fecha_naciemiento_paciente" id="3D0BF78D-0112-1E6C-0A2C-0BD1CA722B53">
<createdBy>Antonio</createdBy>
<createdTime>2025-09-14 02:09:09 UTC</createdTime>
<generatorID>62AC6BCA-38C6-9D0E-A33C-E8F37B94E900</generatorID>
<ownerDesignName>Centro Medico San Rafael</ownerDesignName>
<useDomainConstraints>false</useDomainConstraints>
<use>1</use>
<logicalDatatype>LOGDT007</logicalDatatype>
<ownDataTypeParameters>,,</ownDataTypeParameters>
<autoIncrementCycle>false</autoIncrementCycle>
</Column>
<Column name="direccion_paciente" id="39600402-0F28-57ED-CB4C-B632C7CC9256">
<createdBy>Antonio</createdBy>
<createdTime>2025-09-14 02:09:09 UTC</createdTime>
<generatorID>8F1814CC-3046-9133-1745-3939FF7E542C</generatorID>
<ownerDesignName>Centro Medico San Rafael</ownerDesignName>
<useDomainConstraints>false</useDomainConstraints>
<use>1</use>
<logicalDatatype>LOGDT024</logicalDatatype>
<dataTypeSize>50</dataTypeSize>
<ownDataTypeParameters>50,,</ownDataTypeParameters>
<autoIncrementCycle>false</autoIncrementCycle>
</Column>
<Column name="COMUNA_id_comuna" id="4696B589-0E84-BB49-0EAF-07C8A4EBD2B1">
<createdBy>Antonio</createdBy>
<createdTime>2025-09-14 02:09:09 UTC</createdTime>
<generatorID>6EEF2D7A-D71E-9C6F-46D6-430E03B7B582</generatorID>
<ownerDesignName>Centro Medico San Rafael</ownerDesignName>
<nullsAllowed>true</nullsAllowed>
<useDomainConstraints>false</useDomainConstraints>
<use>1</use>
<logicalDatatype>LOGDT019</logicalDatatype>
<ownDataTypeParameters>,,</ownDataTypeParameters>
<previousColumn>false</previousColumn>
<autoIncrementCycle>false</autoIncrementCycle>
<associations>
<colAssociation fkAssociation="6D41A915-523B-28ED-EEA7-D97E4ABA65C7" referredColumn="D8E41981-A18D-97F5-6D54-64D8BCA9CADD"/>
</associations>
</Column>
<Column name="tipo_paciente" id="1799D8C4-28C0-DF80-DE77-A6E6F440A761">
<createdBy>Antonio</createdBy>
<createdTime>2025-09-14 02:09:09 UTC</createdTime>
<generatorID>D1A95EB2-EF84-2415-A9CA-15895D6B7F66</generatorID>
<ownerDesignName>Centro Medico San Rafael</ownerDesignName>
<constraintName>CK_PACIENTE_TIPO_PACIENTE</constraintName>
<useDomainConstraints>false</useDomainConstraints>
<use>1</use>
<logicalDatatype>LOGDT024</logicalDatatype>
<dataTypeSize>15</dataTypeSize>
<listOfValues>
<valueDef value="&quot;Estudiante&quot;" description=""/>
<valueDef value="&quot;Externo&quot;" description=""/>
<valueDef value="&quot;Funcionario&quot;" description=""/>
</listOfValues>
<ownDataTypeParameters>15,,</ownDataTypeParameters>
<autoIncrementCycle>false</autoIncrementCycle>
</Column>
<Column name="email_paciente" id="C9F244A7-C48C-077C-DC24-B702E6B76D5F">
<createdBy>Antonio</createdBy>
<createdTime>2025-09-14 02:09:09 UTC</createdTime>
<generatorID>48852D6A-3CFD-2522-C5D8-F45941FE5DBB</generatorID>
<ownerDesignName>Centro Medico San Rafael</ownerDesignName>
<useDomainConstraints>false</useDomainConstraints>
<use>1</use>
<logicalDatatype>LOGDT024</logicalDatatype>
<dataTypeSize>50</dataTypeSize>
<ownDataTypeParameters>50,,</ownDataTypeParameters>
<autoIncrementCycle>false</autoIncrementCycle>
</Column>
</columns>
<indexes itemClass="oracle.dbtools.crest.model.design.relational.Index">
<ind_PK_UK id="3B5C76C3-7665-BDF4-2DCF-36C9E853EB55" name="PACIENTE_PK">
<createdBy>Antonio</createdBy>
<createdTime>2025-09-14 02:09:09 UTC</createdTime>
<generatorID>EABDABB7-5222-6271-CE4D-345333857F9C</generatorID>
<ownerDesignName>Centro Medico San Rafael</ownerDesignName>
<pk>true</pk>
<indexState>Primary Constraint</indexState>
<isSurrogateKey>false</isSurrogateKey>
<indexColumnUsage>
<colUsage columnID="A25320F5-F962-11B3-33C7-C58304B1B9CE"/>
</indexColumnUsage>
</ind_PK_UK>
<ind_PK_UK id="6856EA36-8CB7-C544-888A-CF0F3CB4C435" name="PACIENTE_rut_paciente_UN">
<createdBy>Antonio</createdBy>
<createdTime>2025-09-14 02:09:09 UTC</createdTime>
<generatorID>A21A3CF5-0A47-8584-CB44-6CCD91BC8847</generatorID>
<ownerDesignName>Centro Medico San Rafael</ownerDesignName>
<indexState>Unique Constraint</indexState>
<isSurrogateKey>false</isSurrogateKey>
<indexColumnUsage>
<colUsage columnID="44FC5F9F-F22E-0BFE-7240-9CA95D6A5880"/>
</indexColumnUsage>
</ind_PK_UK>
<ind_PK_UK id="2AC4522E-C847-CAC6-BA6D-2CE6E118C13F" name="PACIENTE_COMUNA_FK">
<createdBy>Antonio</createdBy>
<createdTime>2025-09-14 02:09:09 UTC</createdTime>
<generatorID>F8AF758A-0500-BF4F-8225-975F66C7EE0B</generatorID>
<ownerDesignName>Centro Medico San Rafael</ownerDesignName>
<indexState>Foreign Key</indexState>
<isSurrogateKey>false</isSurrogateKey>
<indexColumnUsage>
<colUsage columnID="4696B589-0E84-BB49-0EAF-07C8A4EBD2B1"/>
</indexColumnUsage>
</ind_PK_UK>
</indexes>
</Table>