<?xml version = '1.0' encoding = 'UTF-8'?>
<Table class="oracle.dbtools.crest.model.design.relational.Table" directorySegmentName="seg_0" id="91BCC434-0A28-2C23-0C47-5F6A3DEE6234" name="SOLICITUD">
<createdBy>Antonio</createdBy>
<createdTime>2025-09-14 02:09:09 UTC</createdTime>
<generatorID>5D9F9760-DCA7-690F-4918-469668DF78B7</generatorID>
<ownerDesignName>Centro Medico San Rafael</ownerDesignName>
<allowColumnReorder>false</allowColumnReorder>
<existDependencyGenerateInDDl>true</existDependencyGenerateInDDl>
<parsed>true</parsed>
<columns itemClass="oracle.dbtools.crest.model.design.relational.Column">
<Column name="id_solicitud" id="501A8120-8CA6-EB3B-E121-BF22F3A1530A">
<createdBy>Antonio</createdBy>
<createdTime>2025-09-14 02:09:09 UTC</createdTime>
<generatorID>A824A7C2-5A4C-A898-3298-69C37ABE3638</generatorID>
<ownerDesignName>Centro Medico San Rafael</ownerDesignName>
<useDomainConstraints>false</useDomainConstraints>
<use>1</use>
<logicalDatatype>LOGDT019</logicalDatatype>
<ownDataTypeParameters>,,</ownDataTypeParameters>
<autoIncrementCycle>false</autoIncrementCycle>
</Column>
</columns>
<indexes itemClass="oracle.dbtools.crest.model.design.relational.Index">
<ind_PK_UK id="D8EE8DA5-0714-47FF-F9AC-BB36EF63FB33" name="SOLICITUD_PK">
<createdBy>Antonio</createdBy>
<createdTime>2025-09-14 02:09:09 UTC</createdTime>
<generatorID>B9E6DDAE-0C7D-3623-3064-F529EA860A1B</generatorID>
<ownerDesignName>Centro Medico San Rafael</ownerDesignName>
<pk>true</pk>
<indexState>Primary Constraint</indexState>
<isSurrogateKey>false</isSurrogateKey>
<indexColumnUsage>
<colUsage columnID="501A8120-8CA6-EB3B-E121-BF22F3A1530A"/>
</indexColumnUsage>
</ind_PK_UK>
</indexes>
</Table>