<?xml version = '1.0' encoding = 'UTF-8'?>
<Table class="oracle.dbtools.crest.model.design.relational.Table" directorySegmentName="seg_0" id="9D1D7948-B06F-83DC-806A-2C4D77405892" name="PACIENTE_MASCULINO">
<createdBy>Antonio</createdBy>
<createdTime>2025-09-14 02:09:09 UTC</createdTime>
<generatorID>6B88E535-D9A2-BB10-C6A7-5486A3EEDEDF</generatorID>
<ownerDesignName>Centro Medico San Rafael</ownerDesignName>
<allowColumnReorder>false</allowColumnReorder>
<existDependencyGenerateInDDl>true</existDependencyGenerateInDDl>
<parsed>true</parsed>
<columns itemClass="oracle.dbtools.crest.model.design.relational.Column">
<Column name="id_paciente" id="61FB5B9B-D284-2721-8BDE-8ADD757AAC97">
<createdBy>Antonio</createdBy>
<createdTime>2025-09-14 02:09:09 UTC</createdTime>
<generatorID>199C6042-4DAD-E25B-B134-865B7D0F99E7</generatorID>
<ownerDesignName>Centro Medico San Rafael</ownerDesignName>
<useDomainConstraints>false</useDomainConstraints>
<use>1</use>
<logicalDatatype>LOGDT019</logicalDatatype>
<ownDataTypeParameters>,,</ownDataTypeParameters>
<autoIncrementCycle>false</autoIncrementCycle>
<associations>
<colAssociation fkAssociation="BF7EDE3C-690A-27CC-D93E-49ED4D43801A" referredColumn="A25320F5-F962-11B3-33C7-C58304B1B9CE"/>
</associations>
</Column>
</columns>
<indexes itemClass="oracle.dbtools.crest.model.design.relational.Index">
<ind_PK_UK id="3AD75408-650B-C58F-C022-18DC78245ABA" name="PACIENTE_MASCULINO_PK">
<createdBy>Antonio</createdBy>
<createdTime>2025-09-14 02:09:09 UTC</createdTime>
<generatorID>EABDABB7-5222-6271-CE4D-345333857F9C</generatorID>
<ownerDesignName>Centro Medico San Rafael</ownerDesignName>
<pk>true</pk>
<indexState>Primary Constraint</indexState>
<isSurrogateKey>false</isSurrogateKey>
<indexColumnUsage>
<colUsage columnID="61FB5B9B-D284-2721-8BDE-8ADD757AAC97"/>
</indexColumnUsage>
</ind_PK_UK>
<ind_PK_UK id="52CE78EB-2C4B-417C-9FBC-B549DFD95DCC" name="PACIENTE_MASCULINO_PACIENTE_FK">
<createdBy>Antonio</createdBy>
<createdTime>2025-09-14 02:09:09 UTC</createdTime>
<generatorID>46F5027D-94B6-8194-CE73-7BDDF8ABE10D</generatorID>
<ownerDesignName>Centro Medico San Rafael</ownerDesignName>
<indexState>Foreign Key</indexState>
<isSurrogateKey>false</isSurrogateKey>
<indexColumnUsage>
<colUsage columnID="61FB5B9B-D284-2721-8BDE-8ADD757AAC97"/>
</indexColumnUsage>
</ind_PK_UK>
</indexes>
</Table>