<?xml version = '1.0' encoding = 'UTF-8'?>
<Table class="oracle.dbtools.crest.model.design.relational.Table" directorySegmentName="seg_0" id="EE9BDEBF-D702-79C6-8A5E-3F41B6028A93" name="PAGO_CONVENIO">
<createdBy>Antonio</createdBy>
<createdTime>2025-09-14 02:09:09 UTC</createdTime>
<generatorID>6B956840-5D38-8541-A6B1-066A225928CD</generatorID>
<ownerDesignName>Centro Medico San Rafael</ownerDesignName>
<allowColumnReorder>false</allowColumnReorder>
<existDependencyGenerateInDDl>true</existDependencyGenerateInDDl>
<parsed>true</parsed>
<columns itemClass="oracle.dbtools.crest.model.design.relational.Column">
<Column name="id_pago" id="461DDA46-EEE4-2849-2407-461E1D9513B4">
<createdBy>Antonio</createdBy>
<createdTime>2025-09-14 02:09:09 UTC</createdTime>
<generatorID>D49C9F6B-9BCF-96E0-66BB-3ED1711A5333</generatorID>
<ownerDesignName>Centro Medico San Rafael</ownerDesignName>
<useDomainConstraints>false</useDomainConstraints>
<use>1</use>
<logicalDatatype>LOGDT019</logicalDatatype>
<ownDataTypeParameters>,,</ownDataTypeParameters>
<autoIncrementCycle>false</autoIncrementCycle>
<associations>
<colAssociation fkAssociation="6B65FE65-5631-D8A9-B58A-4B97356832BB" referredColumn="04B1D48D-3CE8-A4BF-4D77-18FF0D8F09B9"/>
</associations>
</Column>
<Column name="id_convenio" id="8A9E518B-10D3-0880-554E-711AC92B569E">
<createdBy>Antonio</createdBy>
<createdTime>2025-09-14 02:09:09 UTC</createdTime>
<generatorID>59513CF0-EB11-8933-E195-B4DADAAC25DB</generatorID>
<ownerDesignName>Centro Medico San Rafael</ownerDesignName>
<useDomainConstraints>false</useDomainConstraints>
<use>1</use>
<logicalDatatype>LOGDT019</logicalDatatype>
<ownDataTypeParameters>,,</ownDataTypeParameters>
<autoIncrementCycle>false</autoIncrementCycle>
</Column>
<Column name="nomb_conv" id="4C02761D-78BB-3F88-AB60-3D060CEEE858">
<createdBy>Antonio</createdBy>
<createdTime>2025-09-14 02:09:09 UTC</createdTime>
<generatorID>4365A34D-361A-25BE-56A7-960859BA2B1E</generatorID>
<ownerDesignName>Centro Medico San Rafael</ownerDesignName>
<useDomainConstraints>false</useDomainConstraints>
<use>1</use>
<logicalDatatype>LOGDT024</logicalDatatype>
<dataTypeSize>30</dataTypeSize>
<ownDataTypeParameters>30,,</ownDataTypeParameters>
<autoIncrementCycle>false</autoIncrementCycle>
</Column>
</columns>
<indexes itemClass="oracle.dbtools.crest.model.design.relational.Index">
<ind_PK_UK id="F306A65E-9D92-8721-65C8-79AB63D5FAA5" name="PAGO_CONVENIO_PK">
<createdBy>Antonio</createdBy>
<createdTime>2025-09-14 02:09:09 UTC</createdTime>
<generatorID>7A32E09F-9DD8-D364-5850-D344775B43B2</generatorID>
<ownerDesignName>Centro Medico San Rafael</ownerDesignName>
<pk>true</pk>
<indexState>Primary Constraint</indexState>
<isSurrogateKey>false</isSurrogateKey>
<indexColumnUsage>
<colUsage columnID="461DDA46-EEE4-2849-2407-461E1D9513B4"/>
</indexColumnUsage>
</ind_PK_UK>
<ind_PK_UK id="BB0AF1A9-D4CB-FBC7-7AA4-97E717BECE4F" name="PAGO_CONVENIO_PKv1">
<createdBy>Antonio</createdBy>
<createdTime>2025-09-14 02:09:09 UTC</createdTime>
<generatorID>774DAC72-3769-C263-8DAB-B4F8A6501223</generatorID>
<ownerDesignName>Centro Medico San Rafael</ownerDesignName>
<indexState>Unique Constraint</indexState>
<isSurrogateKey>false</isSurrogateKey>
<indexColumnUsage>
<colUsage columnID="8A9E518B-10D3-0880-554E-711AC92B569E"/>
</indexColumnUsage>
</ind_PK_UK>
<ind_PK_UK id="2A8B8C26-117B-B2AC-7B4C-168FC8B91234" name="PAGO_CONVENIO_nomb_conv_UN">
<createdBy>Antonio</createdBy>
<createdTime>2025-09-14 02:09:09 UTC</createdTime>
<generatorID>9A84D945-EC87-2D25-55D0-2F0D99C0DB2B</generatorID>
<ownerDesignName>Centro Medico San Rafael</ownerDesignName>
<indexState>Unique Constraint</indexState>
<isSurrogateKey>false</isSurrogateKey>
<indexColumnUsage>
<colUsage columnID="4C02761D-78BB-3F88-AB60-3D060CEEE858"/>
</indexColumnUsage>
</ind_PK_UK>
<ind_PK_UK id="7A1E6404-2644-CBEC-ECF3-FAEB7243E041" name="PAGO_CONVENIO_PAGO_FK">
<createdBy>Antonio</createdBy>
<createdTime>2025-09-14 02:09:09 UTC</createdTime>
<generatorID>FA20F320-8AF5-65D8-90A9-5A5C71A012CD</generatorID>
<ownerDesignName>Centro Medico San Rafael</ownerDesignName>
<indexState>Foreign Key</indexState>
<isSurrogateKey>false</isSurrogateKey>
<indexColumnUsage>
<colUsage columnID="461DDA46-EEE4-2849-2407-461E1D9513B4"/>
</indexColumnUsage>
</ind_PK_UK>
</indexes>
</Table>