<?xml version = '1.0' encoding = 'UTF-8'?>
<Relation class="oracle.dbtools.crest.model.design.logical.Relation" name="ATENCION MEDICA SOLICITUD FK" directorySegmentName="seg_0" id="0C807ED2-BE84-A360-16AE-112361FC3ACF">
<createdBy>Antonio</createdBy>
<createdTime>2025-09-13 23:11:42 UTC</createdTime>
<ownerDesignName>Centro Medico San Rafael</ownerDesignName>
<engineerTo>
<item key="EEF499B1-1624-B17F-5FA2-B0F30ACC0716" value="true"/>
</engineerTo>
<sourcePk>3B542DFE-D935-9DFF-C408-A86D428F413F</sourcePk>
<targetPk>B9E6DDAE-0C7D-3623-3064-F529EA860A1B</targetPk>
<identifying>false</identifying>
<optionalSource>false</optionalSource>
<optionalTarget>true</optionalTarget>
<sourceCardinality>1</sourceCardinality>
<sourceEntity>D2200AF7-8F74-3B9D-DF08-BA8FD599C999</sourceEntity>
<targetCardinalityString>1</targetCardinalityString>
<targetEntity>5D9F9760-DCA7-690F-4918-469668DF78B7</targetEntity>
<transferable>true</transferable>
<deleteRule>NO ACTION</deleteRule>
</Relation>