<?xml version = '1.0' encoding = 'UTF-8'?>
<Relation class="oracle.dbtools.crest.model.design.logical.Relation" name="ATENCION MEDICA PACIENTE FK" directorySegmentName="seg_0" id="4913D57F-322E-6868-BCA1-D54A00F1659D">
<createdBy>Antonio</createdBy>
<createdTime>2025-09-13 22:09:12 UTC</createdTime>
<ownerDesignName>Centro Medico San Rafael</ownerDesignName>
<engineerTo>
<item key="EEF499B1-1624-B17F-5FA2-B0F30ACC0716" value="true"/>
</engineerTo>
<sourcePk>EABDABB7-5222-6271-CE4D-345333857F9C</sourcePk>
<identifying>false</identifying>
<optionalSource>false</optionalSource>
<optionalTarget>true</optionalTarget>
<sourceCardinality>1</sourceCardinality>
<sourceEntity>85784F12-941F-EE86-4059-382CE31B6516</sourceEntity>
<targetCardinalityString>*</targetCardinalityString>
<targetEntity>D2200AF7-8F74-3B9D-DF08-BA8FD599C999</targetEntity>
<transferable>true</transferable>
<deleteRule>NO ACTION</deleteRule>
</Relation>