<?xml version = '1.0' encoding = 'UTF-8'?>
<Relation class="oracle.dbtools.crest.model.design.logical.Relation" name="MEDICO MEDICO FK" directorySegmentName="seg_0" id="7C9EE4B1-52FC-9FF5-B23B-A182C0B91C5B">
<createdBy>Antonio</createdBy>
<createdTime>2025-09-13 22:21:49 UTC</createdTime>
<ownerDesignName>Centro Medico San Rafael</ownerDesignName>
<engineerTo>
<item key="1D3DB4D4-F539-CA86-0549-2F362AD9D1A7" value="true"/>
</engineerTo>
<targetPk>125B08B9-AB11-5C1F-BF13-9B4FB08AE5E0</targetPk>
<identifying>false</identifying>
<optionalSource>false</optionalSource>
<optionalTarget>true</optionalTarget>
<sourceCardinality>1</sourceCardinality>
<sourceEntity>60B71467-B81F-BEAE-35AA-F12F051AAA33</sourceEntity>
<targetCardinalityString>*</targetCardinalityString>
<targetEntity>60B71467-B81F-BEAE-35AA-F12F051AAA33</targetEntity>
<transferable>true</transferable>
<deleteRule>NO ACTION</deleteRule>
</Relation>