<?xml version = '1.0' encoding = 'UTF-8'?>
<Relation class="oracle.dbtools.crest.model.design.logical.Relation" name="MEDICO AFP FK" directorySegmentName="seg_0" id="89D7B9B7-C91D-3E6C-A11B-20D967485405">
<createdBy>Antonio</createdBy>
<createdTime>2025-09-13 20:27:30 UTC</createdTime>
<ownerDesignName>Centro Medico San Rafael</ownerDesignName>
<engineerTo>
<item key="EEF499B1-1624-B17F-5FA2-B0F30ACC0716" value="true"/>
</engineerTo>
<sourcePk>2318C63B-8F9E-A201-7A94-CE83750B1F45</sourcePk>
<identifying>false</identifying>
<optionalSource>false</optionalSource>
<optionalTarget>true</optionalTarget>
<sourceCardinality>1</sourceCardinality>
<sourceEntity>64AC43FA-4E52-F4DE-80B3-9C299DB97ABC</sourceEntity>
<targetCardinalityString>*</targetCardinalityString>
<targetEntity>60B71467-B81F-BEAE-35AA-F12F051AAA33</targetEntity>
<transferable>true</transferable>
<deleteRule>NO ACTION</deleteRule>
</Relation>