<?xml version = '1.0' encoding = 'UTF-8'?>
<Relation class="oracle.dbtools.crest.model.design.logical.Relation" name="PREPARACION EXAMEN FK" directorySegmentName="seg_0" id="CBA47755-AA28-3BE9-AA7D-A20E6D08221C">
<createdBy>Antonio</createdBy>
<createdTime>2025-09-14 00:30:31 UTC</createdTime>
<ownerDesignName>Centro Medico San Rafael</ownerDesignName>
<engineerTo>
<item key="EEF499B1-1624-B17F-5FA2-B0F30ACC0716" value="true"/>
</engineerTo>
<sourcePk>A33C4790-C8A8-DA43-3928-F80ADD0C04F6</sourcePk>
<identifying>false</identifying>
<optionalSource>false</optionalSource>
<optionalTarget>true</optionalTarget>
<sourceCardinality>1</sourceCardinality>
<sourceEntity>DD76E51F-A80E-A743-FE95-31CFAC02D30A</sourceEntity>
<targetCardinalityString>*</targetCardinalityString>
<targetEntity>8740A273-479D-91A8-7875-F0B48E13DFDD</targetEntity>
<transferable>true</transferable>
<deleteRule>NO ACTION</deleteRule>
</Relation>