<?xml version = '1.0' encoding = 'UTF-8'?>
<Relation class="oracle.dbtools.crest.model.design.logical.Relation" name="MEDICO ESPECIALIDAD FK" directorySegmentName="seg_0" id="EFF8F955-7259-FD58-21ED-CEE05C6A04B8">
<createdBy>Antonio</createdBy>
<createdTime>2025-09-13 20:20:24 UTC</createdTime>
<ownerDesignName>Centro Medico San Rafael</ownerDesignName>
<engineerTo>
<item key="EEF499B1-1624-B17F-5FA2-B0F30ACC0716" value="true"/>
</engineerTo>
<sourcePk>97057457-45F3-C787-F5F2-D483103B923A</sourcePk>
<identifying>false</identifying>
<optionalSource>false</optionalSource>
<optionalTarget>true</optionalTarget>
<sourceCardinality>1</sourceCardinality>
<sourceEntity>0AEA1025-5381-EBF5-40A9-9A264FF8DFC2</sourceEntity>
<targetCardinalityString>*</targetCardinalityString>
<targetEntity>60B71467-B81F-BEAE-35AA-F12F051AAA33</targetEntity>
<transferable>true</transferable>
<deleteRule>NO ACTION</deleteRule>
</Relation>