<?xml version = '1.0' encoding = 'UTF-8'?>
<Relation class="oracle.dbtools.crest.model.design.logical.Relation" name="COMUNA REGION FK" directorySegmentName="seg_0" id="F087F436-5F92-0C63-3726-802FDBA5F3B7">
<createdBy>Antonio</createdBy>
<createdTime>2025-09-13 21:06:24 UTC</createdTime>
<ownerDesignName>Centro Medico San Rafael</ownerDesignName>
<engineerTo>
<item key="EEF499B1-1624-B17F-5FA2-B0F30ACC0716" value="true"/>
</engineerTo>
<sourcePk>562171F0-B589-2EE9-277E-F4C0517907AC</sourcePk>
<identifying>false</identifying>
<optionalSource>false</optionalSource>
<optionalTarget>false</optionalTarget>
<sourceCardinality>1</sourceCardinality>
<sourceEntity>36E1E84D-EA08-28A9-4D99-A2B2957759A9</sourceEntity>
<targetCardinalityString>*</targetCardinalityString>
<targetEntity>4AEC33D1-BD0C-C6F1-546B-AC098A3A673E</targetEntity>
<transferable>true</transferable>
<deleteRule>NO ACTION</deleteRule>
</Relation>