<?xml version = '1.0' encoding = 'UTF-8'?>
<relationalModel class="oracle.dbtools.crest.model.design.relational.RelationalDesign" name="Relational_1" id="B59AF5EB-161B-9D06-7896-12310DCF871B" mainViewID="79B2FCCB-05DC-5536-C54C-955AC23BEA77">
<createdBy>Antonio</createdBy>
<createdTime>2025-09-14 02:09:04 UTC</createdTime>
<ownerDesignName>Centro Medico San Rafael</ownerDesignName>
<shouldBeOpen>false</shouldBeOpen>
<selectedRDBMSSite>32076570-2523-435C-2E92-BF29817DFF70</selectedRDBMSSite>
</relationalModel>