<?xml version = '1.0' encoding = 'UTF-8'?>
<Arc class="oracle.dbtools.crest.model.design.logical.Arc" directorySegmentName="seg_0" id="920EA746-4B03-8FAC-8416-4688E93E3D65" name="Arc_4">
<createdBy>Antonio</createdBy>
<createdTime>2025-09-13 20:49:35 UTC</createdTime>
<ownerDesignName>Centro Medico San Rafael</ownerDesignName>
<engineerTo>
<item key="86A98A41-C67E-FF44-5489-5033DF82C80D" value="true"/>
</engineerTo>
<entity>85784F12-941F-EE86-4059-382CE31B6516</entity>
<relations>
<relationID>C4F90D99-07AA-5B50-1FCD-1A2CE11789DF</relationID>
<relationID>46F5027D-94B6-8194-CE73-7BDDF8ABE10D</relationID>
</relations>
</Arc>