<?xml version = '1.0' encoding = 'UTF-8'?>
<Arc class="oracle.dbtools.crest.model.design.logical.Arc" directorySegmentName="seg_0" id="DFEDF39C-D8F4-91B8-F70A-6D4A920B1739" name="Arc_10">
<createdBy>Antonio</createdBy>
<createdTime>2025-09-14 01:09:30 UTC</createdTime>
<ownerDesignName>Centro Medico San Rafael</ownerDesignName>
<engineerTo>
<item key="A096CBDB-12F5-E438-937B-44264BC46F33" value="true"/>
</engineerTo>
<entity>E8A9A7E0-31EF-9C19-461B-DF8E99D4255E</entity>
<relations>
<relationID>28B1948F-B373-898E-7B48-291CDF00960A</relationID>
<relationID>EA2135FF-422F-5A45-FB57-4DD41D556360</relationID>
</relations>
</Arc>