<?xml version = '1.0' encoding = 'UTF-8'?>
<Arc class="oracle.dbtools.crest.model.design.logical.Arc" directorySegmentName="seg_0" id="F49DCB07-976E-3591-78F3-D754E4452204" name="Arc_11">
<createdBy>Antonio</createdBy>
<createdTime>2025-09-13 22:59:16 UTC</createdTime>
<ownerDesignName>Centro Medico San Rafael</ownerDesignName>
<engineerTo>
<item key="86A98A41-C67E-FF44-5489-5033DF82C80D" value="true"/>
</engineerTo>
<entity>1AB15EF9-57A7-5906-37A5-2183A263F7FE</entity>
<relations>
<relationID>5BFE929B-0549-80EC-9C32-ED73E6B2671B</relationID>
<relationID>625DE51E-27F4-0113-695C-8EA39BC52890</relationID>
</relations>
</Arc>