<?xml version = '1.0' encoding = 'UTF-8'?>
<FKArc class="oracle.dbtools.crest.model.design.relational.FKArc" directorySegmentName="seg_0" id="1EE84AFA-0B85-EB3B-CCA3-1052CFC6593A" name="FKArc_1">
<createdBy>Antonio</createdBy>
<createdTime>2025-09-14 02:09:09 UTC</createdTime>
<ownerDesignName>Centro Medico San Rafael</ownerDesignName>
<mandatory>false</mandatory>
<reverseArc>true</reverseArc>
<table>4261C573-FDCB-9332-A17A-3D8394202D0E</table>
<fkeys>
<fkeyID>98D403A7-244D-238D-45A9-03E9B5CE44B4</fkeyID>
<fkeyID>7DA99A5D-A770-D06F-C2AA-41421B2465FE</fkeyID>
<fkeyID>7FEC24A9-A234-219E-2E8F-E25609EE42FB</fkeyID>
</fkeys>
</FKArc>