<?xml version = '1.0' encoding = 'UTF-8'?>
<FKArc class="oracle.dbtools.crest.model.design.relational.FKArc" directorySegmentName="seg_0" id="513FACFD-59CA-60F7-74C3-979823AD1451" name="FKArc_5">
<createdBy>Antonio</createdBy>
<createdTime>2025-09-14 02:09:09 UTC</createdTime>
<ownerDesignName>Centro Medico San Rafael</ownerDesignName>
<mandatory>false</mandatory>
<reverseArc>true</reverseArc>
<table>9D586AE5-6EB4-0F99-7A3A-D09865888965</table>
<fkeys>
<fkeyID>F0001D0D-7B6C-9C6E-5787-55A5FD1E3BB4</fkeyID>
<fkeyID>A5CF7E7B-07C8-D007-A988-86CD4383DCCF</fkeyID>
<fkeyID>6B65FE65-5631-D8A9-B58A-4B97356832BB</fkeyID>
</fkeys>
</FKArc>