<?xml version = '1.0' encoding = 'UTF-8'?>
<Entity class="oracle.dbtools.crest.model.design.logical.Entity" directorySegmentName="seg_0" id="0AEA1025-5381-EBF5-40A9-9A264FF8DFC2" name="ESPECIALIDAD">
<createdBy>Antonio</createdBy>
<createdTime>2025-09-13 20:09:40 UTC</createdTime>
<ownerDesignName>Centro Medico San Rafael</ownerDesignName>
<engineerTo>
<item key="EEF499B1-1624-B17F-5FA2-B0F30ACC0716" value="true"/>
</engineerTo>
<adequatelyNormalized>NO</adequatelyNormalized>
<expectedVolumes>0</expectedVolumes>
<fwdEngineeringStrategyName>Single Table</fwdEngineeringStrategyName>
<growthPercent>0</growthPercent>
<growthType>Year</growthType>
<maxVolumes>9999999</maxVolumes>
<minVolumes>0</minVolumes>
<normalForm>Third</normalForm>
<attributes itemClass="oracle.dbtools.crest.model.design.logical.Attribute">
<Attribute name="id especialidad" id="A1964AA4-36F4-2A63-78ED-85829D89D465">
<createdBy>Antonio</createdBy>
<createdTime>2025-09-13 20:19:48 UTC</createdTime>
<ownerDesignName>Centro Medico San Rafael</ownerDesignName>
<engineerTo>
<item key="EEF499B1-1624-B17F-5FA2-B0F30ACC0716" value="true"/>
</engineerTo>
<useDomainConstraints>false</useDomainConstraints>
<use>1</use>
<logicalDatatype>LOGDT019</logicalDatatype>
<ownDataTypeParameters>,,</ownDataTypeParameters>
</Attribute>
<Attribute name="nomb esp" id="CB52AD4A-E6C4-45E7-C81A-B62BA0050C11">
<createdBy>Antonio</createdBy>
<createdTime>2025-09-13 20:19:59 UTC</createdTime>
<ownerDesignName>Centro Medico San Rafael</ownerDesignName>
<engineerTo>
<item key="EEF499B1-1624-B17F-5FA2-B0F30ACC0716" value="true"/>
</engineerTo>
<useDomainConstraints>false</useDomainConstraints>
<use>1</use>
<logicalDatatype>LOGDT024</logicalDatatype>
<dataTypeSize>30</dataTypeSize>
<ownDataTypeParameters>30,,</ownDataTypeParameters>
</Attribute>
</attributes>
<identifiers itemClass="oracle.dbtools.crest.model.design.logical.CandidateKey">
<identifier id="97057457-45F3-C787-F5F2-D483103B923A" name="ESPECIALIDAD_nomb_esp_UN">
<createdBy>Antonio</createdBy>
<createdTime>2025-09-13 23:08:13 UTC</createdTime>
<ownerDesignName>Centro Medico San Rafael</ownerDesignName>
<engineerTo>
<item key="EEF499B1-1624-B17F-5FA2-B0F30ACC0716" value="true"/>
</engineerTo>
<newElementsIDs>CB52AD4A-E6C4-45E7-C81A-B62BA0050C11</newElementsIDs>
<usedAttributes>
<attributeRef>CB52AD4A-E6C4-45E7-C81A-B62BA0050C11</attributeRef>
</usedAttributes>
</identifier>
</identifiers>
</Entity>