<?xml version = '1.0' encoding = 'UTF-8'?>
<Entity class="oracle.dbtools.crest.model.design.logical.Entity" directorySegmentName="seg_0" id="1AB15EF9-57A7-5906-37A5-2183A263F7FE" name="INSTITUCION SALUD">
<createdBy>Antonio</createdBy>
<createdTime>2025-09-13 20:09:55 UTC</createdTime>
<ownerDesignName>Centro Medico San Rafael</ownerDesignName>
<engineerTo>
<item key="EEF499B1-1624-B17F-5FA2-B0F30ACC0716" value="true"/>
</engineerTo>
<adequatelyNormalized>NO</adequatelyNormalized>
<expectedVolumes>0</expectedVolumes>
<fwdEngineeringStrategyName>Single Table</fwdEngineeringStrategyName>
<growthPercent>0</growthPercent>
<growthType>Year</growthType>
<maxVolumes>9999999</maxVolumes>
<minVolumes>0</minVolumes>
<normalForm>Third</normalForm>
<attributes itemClass="oracle.dbtools.crest.model.design.logical.Attribute">
<Attribute name="id inst" id="3933D135-E70C-12F5-4F4A-92950C869048">
<createdBy>Antonio</createdBy>
<createdTime>2025-09-13 20:25:53 UTC</createdTime>
<ownerDesignName>Centro Medico San Rafael</ownerDesignName>
<engineerTo>
<item key="EEF499B1-1624-B17F-5FA2-B0F30ACC0716" value="true"/>
</engineerTo>
<useDomainConstraints>false</useDomainConstraints>
<use>1</use>
<logicalDatatype>LOGDT019</logicalDatatype>
<ownDataTypeParameters>,,</ownDataTypeParameters>
</Attribute>
<Attribute name="nomb inst" id="ED4DA0E8-BA21-6514-DD71-5F2843B10B11">
<createdBy>Antonio</createdBy>
<createdTime>2025-09-13 20:26:01 UTC</createdTime>
<ownerDesignName>Centro Medico San Rafael</ownerDesignName>
<engineerTo>
<item key="EEF499B1-1624-B17F-5FA2-B0F30ACC0716" value="true"/>
</engineerTo>
<useDomainConstraints>false</useDomainConstraints>
<use>1</use>
<logicalDatatype>LOGDT024</logicalDatatype>
<dataTypeSize>30</dataTypeSize>
<ownDataTypeParameters>30,,</ownDataTypeParameters>
</Attribute>
</attributes>
<identifiers itemClass="oracle.dbtools.crest.model.design.logical.CandidateKey">
<identifier id="AC35E468-FBA0-B479-C156-896AEC5A4520" name="INSTITUCION_SALUD PK">
<createdBy>Antonio</createdBy>
<createdTime>2025-09-13 20:26:01 UTC</createdTime>
<ownerDesignName>Centro Medico San Rafael</ownerDesignName>
<engineerTo>
<item key="EEF499B1-1624-B17F-5FA2-B0F30ACC0716" value="true"/>
</engineerTo>
<pk>true</pk>
<usedAttributes>
<attributeRef>3933D135-E70C-12F5-4F4A-92950C869048</attributeRef>
</usedAttributes>
</identifier>
<identifier id="E38C5A3C-F500-BBC2-D423-628D7B0C7D93" name="INSTITUCION_SALUD_nomb_inst_UN">
<createdBy>Antonio</createdBy>
<createdTime>2025-09-13 23:14:17 UTC</createdTime>
<ownerDesignName>Centro Medico San Rafael</ownerDesignName>
<engineerTo>
<item key="EEF499B1-1624-B17F-5FA2-B0F30ACC0716" value="true"/>
</engineerTo>
<newElementsIDs>ED4DA0E8-BA21-6514-DD71-5F2843B10B11</newElementsIDs>
<usedAttributes>
<attributeRef>ED4DA0E8-BA21-6514-DD71-5F2843B10B11</attributeRef>
</usedAttributes>
</identifier>
</identifiers>
</Entity>