<?xml version = '1.0' encoding = 'UTF-8'?>
<Entity class="oracle.dbtools.crest.model.design.logical.Entity" directorySegmentName="seg_0" id="36E1E84D-EA08-28A9-4D99-A2B2957759A9" name="REGION">
<createdBy>Antonio</createdBy>
<createdTime>2025-09-13 19:57:38 UTC</createdTime>
<ownerDesignName>Centro Medico San Rafael</ownerDesignName>
<engineerTo>
<item key="EEF499B1-1624-B17F-5FA2-B0F30ACC0716" value="true"/>
</engineerTo>
<adequatelyNormalized>NO</adequatelyNormalized>
<expectedVolumes>0</expectedVolumes>
<fwdEngineeringStrategyName>Single Table</fwdEngineeringStrategyName>
<growthPercent>0</growthPercent>
<growthType>Year</growthType>
<maxVolumes>9999999</maxVolumes>
<minVolumes>0</minVolumes>
<normalForm>Third</normalForm>
<attributes itemClass="oracle.dbtools.crest.model.design.logical.Attribute">
<Attribute name="id region" id="EBE6B034-9712-AD21-9A42-341305FE9C7A">
<createdBy>Antonio</createdBy>
<createdTime>2025-09-13 19:57:53 UTC</createdTime>
<ownerDesignName>Centro Medico San Rafael</ownerDesignName>
<engineerTo>
<item key="EEF499B1-1624-B17F-5FA2-B0F30ACC0716" value="true"/>
</engineerTo>
<useDomainConstraints>false</useDomainConstraints>
<use>1</use>
<logicalDatatype>LOGDT019</logicalDatatype>
<ownDataTypeParameters>,,</ownDataTypeParameters>
</Attribute>
<Attribute name="nombre region" id="5BFA7CEE-7DD2-708B-3680-5645A5852632">
<createdBy>Antonio</createdBy>
<createdTime>2025-09-13 19:58:05 UTC</createdTime>
<ownerDesignName>Centro Medico San Rafael</ownerDesignName>
<engineerTo>
<item key="EEF499B1-1624-B17F-5FA2-B0F30ACC0716" value="true"/>
</engineerTo>
<useDomainConstraints>false</useDomainConstraints>
<use>1</use>
<logicalDatatype>LOGDT024</logicalDatatype>
<dataTypeSize>30</dataTypeSize>
<ownDataTypeParameters>30,,</ownDataTypeParameters>
</Attribute>
</attributes>
<identifiers itemClass="oracle.dbtools.crest.model.design.logical.CandidateKey">
<identifier id="562171F0-B589-2EE9-277E-F4C0517907AC" name="REGION PK">
<createdBy>Antonio</createdBy>
<createdTime>2025-09-13 20:00:15 UTC</createdTime>
<ownerDesignName>Centro Medico San Rafael</ownerDesignName>
<engineerTo>
<item key="EEF499B1-1624-B17F-5FA2-B0F30ACC0716" value="true"/>
</engineerTo>
<pk>true</pk>
<usedAttributes>
<attributeRef>EBE6B034-9712-AD21-9A42-341305FE9C7A</attributeRef>
</usedAttributes>
</identifier>
<identifier id="A13B9D16-1042-A223-ACB8-8200178A1D7C" name="REGION_nombre_region_UN">
<createdBy>Antonio</createdBy>
<createdTime>2025-09-13 20:00:25 UTC</createdTime>
<ownerDesignName>Centro Medico San Rafael</ownerDesignName>
<engineerTo>
<item key="EEF499B1-1624-B17F-5FA2-B0F30ACC0716" value="true"/>
</engineerTo>
<newElementsIDs>5BFA7CEE-7DD2-708B-3680-5645A5852632</newElementsIDs>
<usedAttributes>
<attributeRef>5BFA7CEE-7DD2-708B-3680-5645A5852632</attributeRef>
</usedAttributes>
</identifier>
</identifiers>
</Entity>