<?xml version = '1.0' encoding = 'UTF-8'?>
<Entity class="oracle.dbtools.crest.model.design.logical.Entity" directorySegmentName="seg_0" id="64AC43FA-4E52-F4DE-80B3-9C299DB97ABC" name="AFP">
<createdBy>Antonio</createdBy>
<createdTime>2025-09-13 20:09:51 UTC</createdTime>
<ownerDesignName>Centro Medico San Rafael</ownerDesignName>
<engineerTo>
<item key="EEF499B1-1624-B17F-5FA2-B0F30ACC0716" value="true"/>
</engineerTo>
<adequatelyNormalized>NO</adequatelyNormalized>
<expectedVolumes>0</expectedVolumes>
<fwdEngineeringStrategyName>Single Table</fwdEngineeringStrategyName>
<growthPercent>0</growthPercent>
<growthType>Year</growthType>
<maxVolumes>9999999</maxVolumes>
<minVolumes>0</minVolumes>
<normalForm>Third</normalForm>
<attributes itemClass="oracle.dbtools.crest.model.design.logical.Attribute">
<Attribute name="id afp" id="6E6E1D32-F4EE-5F9F-5B94-C64EDECFFE89">
<createdBy>Antonio</createdBy>
<createdTime>2025-09-13 20:26:17 UTC</createdTime>
<ownerDesignName>Centro Medico San Rafael</ownerDesignName>
<engineerTo>
<item key="EEF499B1-1624-B17F-5FA2-B0F30ACC0716" value="true"/>
</engineerTo>
<useDomainConstraints>false</useDomainConstraints>
<use>1</use>
<logicalDatatype>LOGDT019</logicalDatatype>
<ownDataTypeParameters>,,</ownDataTypeParameters>
</Attribute>
<Attribute name="nombre afp" id="4811602A-697A-2086-C385-BB476EDE25F9">
<createdBy>Antonio</createdBy>
<createdTime>2025-09-13 20:26:24 UTC</createdTime>
<ownerDesignName>Centro Medico San Rafael</ownerDesignName>
<engineerTo>
<item key="EEF499B1-1624-B17F-5FA2-B0F30ACC0716" value="true"/>
</engineerTo>
<useDomainConstraints>false</useDomainConstraints>
<use>1</use>
<logicalDatatype>LOGDT024</logicalDatatype>
<dataTypeSize>30</dataTypeSize>
<ownDataTypeParameters>30,,</ownDataTypeParameters>
</Attribute>
</attributes>
<identifiers itemClass="oracle.dbtools.crest.model.design.logical.CandidateKey">
<identifier id="2318C63B-8F9E-A201-7A94-CE83750B1F45" name="AFP PK">
<createdBy>Antonio</createdBy>
<createdTime>2025-09-13 20:26:24 UTC</createdTime>
<ownerDesignName>Centro Medico San Rafael</ownerDesignName>
<engineerTo>
<item key="EEF499B1-1624-B17F-5FA2-B0F30ACC0716" value="true"/>
</engineerTo>
<pk>true</pk>
<usedAttributes>
<attributeRef>6E6E1D32-F4EE-5F9F-5B94-C64EDECFFE89</attributeRef>
</usedAttributes>
</identifier>
<identifier id="E48C0260-051E-2B09-BE11-6B5380E2FF6B" name="AFP_nombre_afp_UN">
<createdBy>Antonio</createdBy>
<createdTime>2025-09-13 23:13:48 UTC</createdTime>
<ownerDesignName>Centro Medico San Rafael</ownerDesignName>
<engineerTo>
<item key="EEF499B1-1624-B17F-5FA2-B0F30ACC0716" value="true"/>
</engineerTo>
<newElementsIDs>4811602A-697A-2086-C385-BB476EDE25F9</newElementsIDs>
<usedAttributes>
<attributeRef>4811602A-697A-2086-C385-BB476EDE25F9</attributeRef>
</usedAttributes>
</identifier>
</identifiers>
</Entity>