<?xml version = '1.0' encoding = 'UTF-8'?>
<Entity class="oracle.dbtools.crest.model.design.logical.Entity" directorySegmentName="seg_0" id="6B956840-5D38-8541-A6B1-066A225928CD" name="PAGO CONVENIO">
<createdBy>Antonio</createdBy>
<createdTime>2025-09-13 20:24:02 UTC</createdTime>
<ownerDesignName>Centro Medico San Rafael</ownerDesignName>
<engineerTo>
<item key="EEF499B1-1624-B17F-5FA2-B0F30ACC0716" value="true"/>
</engineerTo>
<adequatelyNormalized>NO</adequatelyNormalized>
<expectedVolumes>0</expectedVolumes>
<fwdEngineeringStrategyName>Single Table</fwdEngineeringStrategyName>
<growthPercent>0</growthPercent>
<growthType>Year</growthType>
<hierarchicalParent>ABE78F17-858A-9BFC-0839-B63F66AEC76F</hierarchicalParent>
<maxVolumes>9999999</maxVolumes>
<minVolumes>0</minVolumes>
<normalForm>Third</normalForm>
<attributes itemClass="oracle.dbtools.crest.model.design.logical.Attribute">
<Attribute name="id convenio" id="59513CF0-EB11-8933-E195-B4DADAAC25DB">
<createdBy>Antonio</createdBy>
<createdTime>2025-09-13 20:24:14 UTC</createdTime>
<ownerDesignName>Centro Medico San Rafael</ownerDesignName>
<engineerTo>
<item key="EEF499B1-1624-B17F-5FA2-B0F30ACC0716" value="true"/>
</engineerTo>
<useDomainConstraints>false</useDomainConstraints>
<use>1</use>
<logicalDatatype>LOGDT019</logicalDatatype>
<ownDataTypeParameters>,,</ownDataTypeParameters>
</Attribute>
<Attribute name="nomb conv" id="4365A34D-361A-25BE-56A7-960859BA2B1E">
<createdBy>Antonio</createdBy>
<createdTime>2025-09-13 20:24:21 UTC</createdTime>
<ownerDesignName>Centro Medico San Rafael</ownerDesignName>
<engineerTo>
<item key="EEF499B1-1624-B17F-5FA2-B0F30ACC0716" value="true"/>
</engineerTo>
<useDomainConstraints>false</useDomainConstraints>
<use>1</use>
<logicalDatatype>LOGDT024</logicalDatatype>
<dataTypeSize>30</dataTypeSize>
<ownDataTypeParameters>30,,</ownDataTypeParameters>
</Attribute>
</attributes>
<identifiers itemClass="oracle.dbtools.crest.model.design.logical.CandidateKey">
<identifier id="774DAC72-3769-C263-8DAB-B4F8A6501223" name="PAGO_CONVENIO PK">
<createdBy>Antonio</createdBy>
<createdTime>2025-09-13 20:24:48 UTC</createdTime>
<ownerDesignName>Centro Medico San Rafael</ownerDesignName>
<engineerTo>
<item key="EEF499B1-1624-B17F-5FA2-B0F30ACC0716" value="true"/>
</engineerTo>
<pk>true</pk>
<usedAttributes>
<attributeRef>59513CF0-EB11-8933-E195-B4DADAAC25DB</attributeRef>
</usedAttributes>
</identifier>
<identifier id="9A84D945-EC87-2D25-55D0-2F0D99C0DB2B" name="PAGO_CONVENIO_nomb_conv_UN">
<createdBy>Antonio</createdBy>
<createdTime>2025-09-13 23:06:24 UTC</createdTime>
<ownerDesignName>Centro Medico San Rafael</ownerDesignName>
<engineerTo>
<item key="EEF499B1-1624-B17F-5FA2-B0F30ACC0716" value="true"/>
</engineerTo>
<newElementsIDs>4365A34D-361A-25BE-56A7-960859BA2B1E</newElementsIDs>
<usedAttributes>
<attributeRef>4365A34D-361A-25BE-56A7-960859BA2B1E</attributeRef>
</usedAttributes>
</identifier>
</identifiers>
</Entity>