<?xml version = '1.0' encoding = 'UTF-8'?>
<Entity class="oracle.dbtools.crest.model.design.logical.Entity" directorySegmentName="seg_0" id="8740A273-479D-91A8-7875-F0B48E13DFDD" name="PREPARACION">
<createdBy>Antonio</createdBy>
<createdTime>2025-09-13 23:18:57 UTC</createdTime>
<ownerDesignName>Centro Medico San Rafael</ownerDesignName>
<engineerTo>
<item key="EEF499B1-1624-B17F-5FA2-B0F30ACC0716" value="true"/>
</engineerTo>
<adequatelyNormalized>NO</adequatelyNormalized>
<expectedVolumes>0</expectedVolumes>
<fwdEngineeringStrategyName>Single Table</fwdEngineeringStrategyName>
<growthPercent>0</growthPercent>
<growthType>Year</growthType>
<maxVolumes>9999999</maxVolumes>
<minVolumes>0</minVolumes>
<normalForm>Third</normalForm>
<attributes itemClass="oracle.dbtools.crest.model.design.logical.Attribute">
<Attribute name="id preparacion" id="5019FE55-4004-A8A8-1C3C-5CA8A50E1368">
<createdBy>Antonio</createdBy>
<createdTime>2025-09-13 23:19:06 UTC</createdTime>
<ownerDesignName>Centro Medico San Rafael</ownerDesignName>
<engineerTo>
<item key="EEF499B1-1624-B17F-5FA2-B0F30ACC0716" value="true"/>
</engineerTo>
<useDomainConstraints>false</useDomainConstraints>
<use>1</use>
<logicalDatatype>LOGDT019</logicalDatatype>
<ownDataTypeParameters>,,</ownDataTypeParameters>
</Attribute>
<Attribute name="nomb prep" id="1F8574B5-6C2A-0B14-3534-3BBBFFB63986">
<createdBy>Antonio</createdBy>
<createdTime>2025-09-13 23:19:36 UTC</createdTime>
<ownerDesignName>Centro Medico San Rafael</ownerDesignName>
<engineerTo>
<item key="EEF499B1-1624-B17F-5FA2-B0F30ACC0716" value="true"/>
</engineerTo>
<useDomainConstraints>false</useDomainConstraints>
<use>1</use>
<logicalDatatype>LOGDT024</logicalDatatype>
<dataTypeSize>30</dataTypeSize>
<ownDataTypeParameters>30,,</ownDataTypeParameters>
</Attribute>
<Attribute name="EXAMEN id examen" id="2F5A1320-83A5-5668-4861-25CF834991DE">
<createdBy>Antonio</createdBy>
<createdTime>2025-09-14 00:30:31 UTC</createdTime>
<generatorID>CBA47755-AA28-3BE9-AA7D-A20E6D08221C</generatorID>
<ownerDesignName>Centro Medico San Rafael</ownerDesignName>
<engineerTo>
<item key="EEF499B1-1624-B17F-5FA2-B0F30ACC0716" value="true"/>
</engineerTo>
<nullsAllowed>true</nullsAllowed>
<referedAttribute>79FCCD19-4490-9294-537A-7B747D195BC0</referedAttribute>
<useDomainConstraints>false</useDomainConstraints>
<use>1</use>
<logicalDatatype>LOGDT019</logicalDatatype>
<ownDataTypeParameters>,,</ownDataTypeParameters>
</Attribute>
</attributes>
<identifiers itemClass="oracle.dbtools.crest.model.design.logical.CandidateKey">
<identifier id="1C8DF77E-74CD-3805-5C8D-B196891BF39A" name="PREPARACION PK">
<createdBy>Antonio</createdBy>
<createdTime>2025-09-13 23:19:45 UTC</createdTime>
<ownerDesignName>Centro Medico San Rafael</ownerDesignName>
<engineerTo>
<item key="EEF499B1-1624-B17F-5FA2-B0F30ACC0716" value="true"/>
</engineerTo>
<pk>true</pk>
<newElementsIDs>5019FE55-4004-A8A8-1C3C-5CA8A50E1368</newElementsIDs>
<usedAttributes>
<attributeRef>5019FE55-4004-A8A8-1C3C-5CA8A50E1368</attributeRef>
</usedAttributes>
</identifier>
<identifier id="1382E7FE-C63C-8106-9BBA-FCE5629646B7" name="PREPARACION_nomb_prep_UN">
<createdBy>Antonio</createdBy>
<createdTime>2025-09-13 23:28:54 UTC</createdTime>
<ownerDesignName>Centro Medico San Rafael</ownerDesignName>
<engineerTo>
<item key="EEF499B1-1624-B17F-5FA2-B0F30ACC0716" value="true"/>
</engineerTo>
<newElementsIDs>1F8574B5-6C2A-0B14-3534-3BBBFFB63986</newElementsIDs>
<usedAttributes>
<attributeRef>1F8574B5-6C2A-0B14-3534-3BBBFFB63986</attributeRef>
</usedAttributes>
</identifier>
</identifiers>
</Entity>