<?xml version = '1.0' encoding = 'UTF-8'?>
<Entity class="oracle.dbtools.crest.model.design.logical.Entity" directorySegmentName="seg_0" id="D2200AF7-8F74-3B9D-DF08-BA8FD599C999" name="ATENCION MEDICA">
<createdBy>Antonio</createdBy>
<createdTime>2025-09-13 20:10:05 UTC</createdTime>
<ownerDesignName>Centro Medico San Rafael</ownerDesignName>
<engineerTo>
<item key="EEF499B1-1624-B17F-5FA2-B0F30ACC0716" value="true"/>
</engineerTo>
<adequatelyNormalized>NO</adequatelyNormalized>
<expectedVolumes>0</expectedVolumes>
<fwdEngineeringStrategyName>Single Table</fwdEngineeringStrategyName>
<growthPercent>0</growthPercent>
<growthType>Year</growthType>
<maxVolumes>9999999</maxVolumes>
<minVolumes>0</minVolumes>
<normalForm>Third</normalForm>
<attributes itemClass="oracle.dbtools.crest.model.design.logical.Attribute">
<Attribute name="id atencion" id="5FC37ACF-72DF-92F9-6B3E-F05AC66DA949">
<createdBy>Antonio</createdBy>
<createdTime>2025-09-13 20:16:28 UTC</createdTime>
<ownerDesignName>Centro Medico San Rafael</ownerDesignName>
<engineerTo>
<item key="EEF499B1-1624-B17F-5FA2-B0F30ACC0716" value="true"/>
</engineerTo>
<useDomainConstraints>false</useDomainConstraints>
<use>1</use>
<logicalDatatype>LOGDT019</logicalDatatype>
<ownDataTypeParameters>,,</ownDataTypeParameters>
</Attribute>
<Attribute name="fecha atencion" id="1A7EFCA2-BEFB-2FDB-4C82-82DDB59EB516">
<createdBy>Antonio</createdBy>
<createdTime>2025-09-13 20:16:40 UTC</createdTime>
<ownerDesignName>Centro Medico San Rafael</ownerDesignName>
<engineerTo>
<item key="EEF499B1-1624-B17F-5FA2-B0F30ACC0716" value="true"/>
</engineerTo>
<useDomainConstraints>false</useDomainConstraints>
<use>1</use>
<logicalDatatype>LOGDT007</logicalDatatype>
<ownDataTypeParameters>,,</ownDataTypeParameters>
</Attribute>
<Attribute name="id medico" id="1717DF3F-DEAC-623A-B5A1-129A5CC9A27D">
<createdBy>Antonio</createdBy>
<createdTime>2025-09-13 22:08:42 UTC</createdTime>
<generatorID>57F30993-0CB9-46B3-7181-358E3459F022</generatorID>
<ownerDesignName>Centro Medico San Rafael</ownerDesignName>
<engineerTo>
<item key="EEF499B1-1624-B17F-5FA2-B0F30ACC0716" value="true"/>
</engineerTo>
<nullsAllowed>true</nullsAllowed>
<referedAttribute>5C02222B-8C67-4E3A-45CA-F429A6CBF610</referedAttribute>
<useDomainConstraints>false</useDomainConstraints>
<use>1</use>
<logicalDatatype>LOGDT019</logicalDatatype>
<ownDataTypeParameters>,,</ownDataTypeParameters>
</Attribute>
<Attribute name="id paciente" id="53CC2667-271B-A620-DD08-3AD971C989F1">
<createdBy>Antonio</createdBy>
<createdTime>2025-09-13 22:09:12 UTC</createdTime>
<generatorID>4913D57F-322E-6868-BCA1-D54A00F1659D</generatorID>
<ownerDesignName>Centro Medico San Rafael</ownerDesignName>
<engineerTo>
<item key="EEF499B1-1624-B17F-5FA2-B0F30ACC0716" value="true"/>
</engineerTo>
<nullsAllowed>true</nullsAllowed>
<referedAttribute>199C6042-4DAD-E25B-B134-865B7D0F99E7</referedAttribute>
<useDomainConstraints>false</useDomainConstraints>
<use>1</use>
<logicalDatatype>LOGDT019</logicalDatatype>
<ownDataTypeParameters>,,</ownDataTypeParameters>
</Attribute>
<Attribute name="id solicitud" id="FB859AC2-AE2F-4DCD-6DFC-30320D8F7191">
<createdBy>Antonio</createdBy>
<createdTime>2025-09-13 23:11:56 UTC</createdTime>
<generatorID>0C807ED2-BE84-A360-16AE-112361FC3ACF</generatorID>
<ownerDesignName>Centro Medico San Rafael</ownerDesignName>
<engineerTo>
<item key="EEF499B1-1624-B17F-5FA2-B0F30ACC0716" value="true"/>
</engineerTo>
<referedAttribute>A824A7C2-5A4C-A898-3298-69C37ABE3638</referedAttribute>
<useDomainConstraints>false</useDomainConstraints>
<use>1</use>
<logicalDatatype>LOGDT019</logicalDatatype>
<ownDataTypeParameters>,,</ownDataTypeParameters>
</Attribute>
</attributes>
<identifiers itemClass="oracle.dbtools.crest.model.design.logical.CandidateKey">
<identifier id="3B542DFE-D935-9DFF-C408-A86D428F413F" name="ATENCION_MEDICA PK">
<createdBy>Antonio</createdBy>
<createdTime>2025-09-13 20:16:39 UTC</createdTime>
<ownerDesignName>Centro Medico San Rafael</ownerDesignName>
<engineerTo>
<item key="EEF499B1-1624-B17F-5FA2-B0F30ACC0716" value="true"/>
</engineerTo>
<pk>true</pk>
<usedAttributes>
<attributeRef>5FC37ACF-72DF-92F9-6B3E-F05AC66DA949</attributeRef>
</usedAttributes>
</identifier>
</identifiers>
</Entity>