<?xml version = '1.0' encoding = 'UTF-8'?>
<Entity class="oracle.dbtools.crest.model.design.logical.Entity" directorySegmentName="seg_0" id="DD76E51F-A80E-A743-FE95-31CFAC02D30A" name="EXAMEN">
<createdBy>Antonio</createdBy>
<createdTime>2025-09-13 20:10:27 UTC</createdTime>
<ownerDesignName>Centro Medico San Rafael</ownerDesignName>
<engineerTo>
<item key="EEF499B1-1624-B17F-5FA2-B0F30ACC0716" value="true"/>
</engineerTo>
<adequatelyNormalized>NO</adequatelyNormalized>
<expectedVolumes>0</expectedVolumes>
<fwdEngineeringStrategyName>Single Table</fwdEngineeringStrategyName>
<growthPercent>0</growthPercent>
<growthType>Year</growthType>
<maxVolumes>9999999</maxVolumes>
<minVolumes>0</minVolumes>
<normalForm>Third</normalForm>
<attributes itemClass="oracle.dbtools.crest.model.design.logical.Attribute">
<Attribute name="id examen" id="79FCCD19-4490-9294-537A-7B747D195BC0">
<createdBy>Antonio</createdBy>
<createdTime>2025-09-13 20:37:48 UTC</createdTime>
<ownerDesignName>Centro Medico San Rafael</ownerDesignName>
<engineerTo>
<item key="EEF499B1-1624-B17F-5FA2-B0F30ACC0716" value="true"/>
</engineerTo>
<useDomainConstraints>false</useDomainConstraints>
<use>1</use>
<logicalDatatype>LOGDT019</logicalDatatype>
<ownDataTypeParameters>,,</ownDataTypeParameters>
</Attribute>
<Attribute name="nombre examen" id="058ABB5E-DEA0-44B2-0A33-69D666FB73C6">
<createdBy>Antonio</createdBy>
<createdTime>2025-09-13 20:37:59 UTC</createdTime>
<ownerDesignName>Centro Medico San Rafael</ownerDesignName>
<engineerTo>
<item key="EEF499B1-1624-B17F-5FA2-B0F30ACC0716" value="true"/>
</engineerTo>
<useDomainConstraints>false</useDomainConstraints>
<use>1</use>
<logicalDatatype>LOGDT024</logicalDatatype>
<dataTypeSize>30</dataTypeSize>
<ownDataTypeParameters>30,,</ownDataTypeParameters>
</Attribute>
<Attribute name="id solicitud" id="38579D8A-1BD6-3DD7-E1D8-2366CADAA18E">
<createdBy>Antonio</createdBy>
<createdTime>2025-09-13 22:20:43 UTC</createdTime>
<generatorID>E3BB33E6-4BCB-E110-F83A-D261BC5C8DEE</generatorID>
<ownerDesignName>Centro Medico San Rafael</ownerDesignName>
<engineerTo>
<item key="EEF499B1-1624-B17F-5FA2-B0F30ACC0716" value="true"/>
</engineerTo>
<referedAttribute>A824A7C2-5A4C-A898-3298-69C37ABE3638</referedAttribute>
<useDomainConstraints>false</useDomainConstraints>
<use>1</use>
<logicalDatatype>LOGDT019</logicalDatatype>
<ownDataTypeParameters>,,</ownDataTypeParameters>
</Attribute>
</attributes>
<identifiers itemClass="oracle.dbtools.crest.model.design.logical.CandidateKey">
<identifier id="A33C4790-C8A8-DA43-3928-F80ADD0C04F6" name="EXAMEN PK">
<createdBy>Antonio</createdBy>
<createdTime>2025-09-13 20:37:58 UTC</createdTime>
<ownerDesignName>Centro Medico San Rafael</ownerDesignName>
<engineerTo>
<item key="EEF499B1-1624-B17F-5FA2-B0F30ACC0716" value="true"/>
</engineerTo>
<pk>true</pk>
<newElementsIDs>79FCCD19-4490-9294-537A-7B747D195BC0</newElementsIDs>
<usedAttributes>
<attributeRef>79FCCD19-4490-9294-537A-7B747D195BC0</attributeRef>
</usedAttributes>
</identifier>
<identifier id="4E365234-06A2-8038-F6D6-24E2B97EC0F5" name="EXAMEN_nombre_examen_UN">
<createdBy>Antonio</createdBy>
<createdTime>2025-09-13 23:17:23 UTC</createdTime>
<ownerDesignName>Centro Medico San Rafael</ownerDesignName>
<engineerTo>
<item key="EEF499B1-1624-B17F-5FA2-B0F30ACC0716" value="true"/>
</engineerTo>
<newElementsIDs>058ABB5E-DEA0-44B2-0A33-69D666FB73C6</newElementsIDs>
<usedAttributes>
<attributeRef>058ABB5E-DEA0-44B2-0A33-69D666FB73C6</attributeRef>
</usedAttributes>
</identifier>
</identifiers>
</Entity>