<?xml version = '1.0' encoding = 'UTF-8'?>
<FKIndexAssociation class="oracle.dbtools.crest.model.design.relational.FKIndexAssociation" directorySegmentName="seg_0" id="6382A7B3-2017-CF41-2B64-AE4E67779B28" containerWithKeyObject="C6D0A276-9064-4B5C-B4AE-2ED9F6CAA3C2" localFKIndex="7C24BB86-B25E-5BA7-766E-EB5FE981610D" name="FONASA_INSTITUCION_SALUD_FK">
<createdBy>Antonio</createdBy>
<createdTime>2025-09-14 02:09:09 UTC</createdTime>
<generatorID>5BFE929B-0549-80EC-9C32-ED73E6B2671B</generatorID>
<ownerDesignName>Centro Medico San Rafael</ownerDesignName>
<referredTableLongName>INSTITUCION_SALUD</referredTableLongName>
<deleteRule>NO ACTION</deleteRule>
<referredTableID>DBA5659C-42C5-BD4D-6450-8BAF8322CED8</referredTableID>
<keyObject>D72FF63B-C9B8-ABBD-9896-5E9F2A37F908</keyObject>
<referredKeyID>D72FF63B-C9B8-ABBD-9896-5E9F2A37F908</referredKeyID>
<mandatory>true</mandatory>
<refColNames>id_inst</refColNames>
<transferable>true</transferable>
<rely>false</rely>
<columnDependencyConstraintGenerateInDDL>true</columnDependencyConstraintGenerateInDDL>
</FKIndexAssociation>