<?xml version = '1.0' encoding = 'UTF-8'?>
<FKIndexAssociation class="oracle.dbtools.crest.model.design.relational.FKIndexAssociation" directorySegmentName="seg_0" id="646DFA9A-8078-FCD9-934B-2AEC87AAEF8C" containerWithKeyObject="CCD42C17-07CB-D0DE-D947-3337FA6E4369" localFKIndex="4E8A6806-AFD8-AE8E-278B-7006348F7A65" name="EXAMEN_SOLICITUD_FK">
<createdBy>Antonio</createdBy>
<createdTime>2025-09-14 02:09:09 UTC</createdTime>
<generatorID>E3BB33E6-4BCB-E110-F83A-D261BC5C8DEE</generatorID>
<ownerDesignName>Centro Medico San Rafael</ownerDesignName>
<referredTableLongName>SOLICITUD</referredTableLongName>
<deleteRule>NO ACTION</deleteRule>
<referredTableID>91BCC434-0A28-2C23-0C47-5F6A3DEE6234</referredTableID>
<keyObject>D8EE8DA5-0714-47FF-F9AC-BB36EF63FB33</keyObject>
<referredKeyID>D8EE8DA5-0714-47FF-F9AC-BB36EF63FB33</referredKeyID>
<mandatory>true</mandatory>
<refColNames>id_solicitud</refColNames>
<transferable>true</transferable>
<rely>false</rely>
<columnDependencyConstraintGenerateInDDL>true</columnDependencyConstraintGenerateInDDL>
</FKIndexAssociation>