<?xml version = '1.0' encoding = 'UTF-8'?>
<FKIndexAssociation class="oracle.dbtools.crest.model.design.relational.FKIndexAssociation" directorySegmentName="seg_0" id="6B65FE65-5631-D8A9-B58A-4B97356832BB" containerWithKeyObject="EE9BDEBF-D702-79C6-8A5E-3F41B6028A93" localFKIndex="7A1E6404-2644-CBEC-ECF3-FAEB7243E041" name="PAGO_CONVENIO_PAGO_FK">
<createdBy>Antonio</createdBy>
<createdTime>2025-09-14 02:09:09 UTC</createdTime>
<generatorID>FA20F320-8AF5-65D8-90A9-5A5C71A012CD</generatorID>
<ownerDesignName>Centro Medico San Rafael</ownerDesignName>
<referredTableLongName>PAGO</referredTableLongName>
<deleteRule>NO ACTION</deleteRule>
<referredTableID>9D586AE5-6EB4-0F99-7A3A-D09865888965</referredTableID>
<keyObject>CD60623C-7BA4-5CE0-92AB-EFE63B151E4A</keyObject>
<referredKeyID>CD60623C-7BA4-5CE0-92AB-EFE63B151E4A</referredKeyID>
<mandatory>true</mandatory>
<refColNames>id_pago</refColNames>
<transferable>true</transferable>
<rely>false</rely>
<columnDependencyConstraintGenerateInDDL>true</columnDependencyConstraintGenerateInDDL>
</FKIndexAssociation>