<?xml version = '1.0' encoding = 'UTF-8'?>
<FKIndexAssociation class="oracle.dbtools.crest.model.design.relational.FKIndexAssociation" directorySegmentName="seg_0" id="6D41A915-523B-28ED-EEA7-D97E4ABA65C7" containerWithKeyObject="83849CBD-49A6-5923-66BE-8F3280FC6F87" localFKIndex="2AC4522E-C847-CAC6-BA6D-2CE6E118C13F" name="PACIENTE_COMUNA_FK">
<createdBy>Antonio</createdBy>
<createdTime>2025-09-14 02:09:09 UTC</createdTime>
<generatorID>F8AF758A-0500-BF4F-8225-975F66C7EE0B</generatorID>
<ownerDesignName>Centro Medico San Rafael</ownerDesignName>
<referredTableLongName>COMUNA</referredTableLongName>
<deleteRule>NO ACTION</deleteRule>
<referredTableID>6BE6D50F-AE1D-DA5B-760E-0E92B83303F4</referredTableID>
<keyObject>08F179E0-5991-F218-481B-FC7A924EF064</keyObject>
<referredKeyID>08F179E0-5991-F218-481B-FC7A924EF064</referredKeyID>
<mandatory>false</mandatory>
<refColNames>id_comuna</refColNames>
<transferable>true</transferable>
<rely>false</rely>
<columnDependencyConstraintGenerateInDDL>true</columnDependencyConstraintGenerateInDDL>
</FKIndexAssociation>