<?xml version = '1.0' encoding = 'UTF-8'?>
<FKIndexAssociation class="oracle.dbtools.crest.model.design.relational.FKIndexAssociation" directorySegmentName="seg_0" id="7DA99A5D-A770-D06F-C2AA-41421B2465FE" containerWithKeyObject="10BB1D52-1415-88A9-5402-BFA1F9C06333" localFKIndex="0AA46466-71F1-4F09-EB1E-F31CA71E1BE9" name="PREVENTIVA_ATENCION_MEDICA_FK">
<createdBy>Antonio</createdBy>
<createdTime>2025-09-14 02:09:09 UTC</createdTime>
<generatorID>34E72FAF-01D4-C350-5950-8AAFBA140353</generatorID>
<ownerDesignName>Centro Medico San Rafael</ownerDesignName>
<referredTableLongName>ATENCION_MEDICA</referredTableLongName>
<deleteRule>NO ACTION</deleteRule>
<referredTableID>4261C573-FDCB-9332-A17A-3D8394202D0E</referredTableID>
<keyObject>D8300020-F8E4-8A6D-83D8-04D1F97DFF43</keyObject>
<referredKeyID>D8300020-F8E4-8A6D-83D8-04D1F97DFF43</referredKeyID>
<mandatory>true</mandatory>
<refColNames>id_atencion</refColNames>
<transferable>true</transferable>
<rely>false</rely>
<columnDependencyConstraintGenerateInDDL>true</columnDependencyConstraintGenerateInDDL>
</FKIndexAssociation>