<?xml version = '1.0' encoding = 'UTF-8'?>
<FKIndexAssociation class="oracle.dbtools.crest.model.design.relational.FKIndexAssociation" directorySegmentName="seg_0" id="7FEC24A9-A234-219E-2E8F-E25609EE42FB" containerWithKeyObject="37550E3D-F164-55D0-3737-7549914DD37A" localFKIndex="5BBB62E1-85D8-98CE-6E4E-4CAE8BEFB64D" name="GENERAL_ATENCION_MEDICA_FK">
<createdBy>Antonio</createdBy>
<createdTime>2025-09-14 02:09:09 UTC</createdTime>
<generatorID>DFD8E1DD-EDB5-5339-8433-5B5AD2EBA9B5</generatorID>
<ownerDesignName>Centro Medico San Rafael</ownerDesignName>
<referredTableLongName>ATENCION_MEDICA</referredTableLongName>
<deleteRule>NO ACTION</deleteRule>
<referredTableID>4261C573-FDCB-9332-A17A-3D8394202D0E</referredTableID>
<keyObject>D8300020-F8E4-8A6D-83D8-04D1F97DFF43</keyObject>
<referredKeyID>D8300020-F8E4-8A6D-83D8-04D1F97DFF43</referredKeyID>
<mandatory>true</mandatory>
<refColNames>id_atencion</refColNames>
<transferable>true</transferable>
<rely>false</rely>
<columnDependencyConstraintGenerateInDDL>true</columnDependencyConstraintGenerateInDDL>
</FKIndexAssociation>