<?xml version = '1.0' encoding = 'UTF-8'?>
<FKIndexAssociation class="oracle.dbtools.crest.model.design.relational.FKIndexAssociation" directorySegmentName="seg_0" id="959DB414-E0ED-2490-5CDA-953D4A27AAAF" containerWithKeyObject="6BE6D50F-AE1D-DA5B-760E-0E92B83303F4" localFKIndex="355D1312-17F4-196A-B1BC-E5CDD67348F7" name="COMUNA_REGION_FK">
<createdBy>Antonio</createdBy>
<createdTime>2025-09-14 02:09:09 UTC</createdTime>
<generatorID>F087F436-5F92-0C63-3726-802FDBA5F3B7</generatorID>
<ownerDesignName>Centro Medico San Rafael</ownerDesignName>
<referredTableLongName>REGION</referredTableLongName>
<deleteRule>NO ACTION</deleteRule>
<referredTableID>0F6BBF9D-D6BB-B261-65E9-0B464DEB0D1F</referredTableID>
<keyObject>7D27C38E-589C-1317-6DE0-966C2538EEDF</keyObject>
<referredKeyID>7D27C38E-589C-1317-6DE0-966C2538EEDF</referredKeyID>
<mandatory>true</mandatory>
<refColNames>id_region</refColNames>
<transferable>true</transferable>
<rely>false</rely>
<columnDependencyConstraintGenerateInDDL>true</columnDependencyConstraintGenerateInDDL>
</FKIndexAssociation>