<?xml version = '1.0' encoding = 'UTF-8'?>
<FKIndexAssociation class="oracle.dbtools.crest.model.design.relational.FKIndexAssociation" directorySegmentName="seg_0" id="98D403A7-244D-238D-45A9-03E9B5CE44B4" containerWithKeyObject="072744C4-22E9-A46B-034E-6989B497B4C7" localFKIndex="8E685DDA-A4CC-8D88-9D33-1F7A718D9D1B" name="URGENCIA_ATENCION_MEDICA_FK">
<createdBy>Antonio</createdBy>
<createdTime>2025-09-14 02:09:09 UTC</createdTime>
<generatorID>1F864B04-930D-907A-0F8F-5D1CFCB5111A</generatorID>
<ownerDesignName>Centro Medico San Rafael</ownerDesignName>
<referredTableLongName>ATENCION_MEDICA</referredTableLongName>
<deleteRule>NO ACTION</deleteRule>
<referredTableID>4261C573-FDCB-9332-A17A-3D8394202D0E</referredTableID>
<keyObject>D8300020-F8E4-8A6D-83D8-04D1F97DFF43</keyObject>
<referredKeyID>D8300020-F8E4-8A6D-83D8-04D1F97DFF43</referredKeyID>
<mandatory>true</mandatory>
<refColNames>id_atencion</refColNames>
<transferable>true</transferable>
<rely>false</rely>
<columnDependencyConstraintGenerateInDDL>true</columnDependencyConstraintGenerateInDDL>
</FKIndexAssociation>