<?xml version = '1.0' encoding = 'UTF-8'?>
<FKIndexAssociation class="oracle.dbtools.crest.model.design.relational.FKIndexAssociation" directorySegmentName="seg_0" id="9C3D1A57-4321-2C0A-D1D5-5904FB1EDFB2" containerWithKeyObject="839D0993-5CF2-5359-38DF-5B7E382FD207" localFKIndex="7BBCF61B-6DF6-4E53-B0A7-FD2926A1DC85" name="ISAPRE_INSTITUCION_SALUD_FK">
<createdBy>Antonio</createdBy>
<createdTime>2025-09-14 02:09:09 UTC</createdTime>
<generatorID>625DE51E-27F4-0113-695C-8EA39BC52890</generatorID>
<ownerDesignName>Centro Medico San Rafael</ownerDesignName>
<referredTableLongName>INSTITUCION_SALUD</referredTableLongName>
<deleteRule>NO ACTION</deleteRule>
<referredTableID>DBA5659C-42C5-BD4D-6450-8BAF8322CED8</referredTableID>
<keyObject>D72FF63B-C9B8-ABBD-9896-5E9F2A37F908</keyObject>
<referredKeyID>D72FF63B-C9B8-ABBD-9896-5E9F2A37F908</referredKeyID>
<mandatory>true</mandatory>
<refColNames>id_inst</refColNames>
<transferable>true</transferable>
<rely>false</rely>
<columnDependencyConstraintGenerateInDDL>true</columnDependencyConstraintGenerateInDDL>
</FKIndexAssociation>