<?xml version = '1.0' encoding = 'UTF-8'?>
<FKIndexAssociation class="oracle.dbtools.crest.model.design.relational.FKIndexAssociation" directorySegmentName="seg_0" id="C10737FF-5502-80C0-9007-F5A79EE9E361" containerWithKeyObject="6739B7DB-136B-0480-3ECC-5CA310006E10" localFKIndex="ED534DBC-D621-BEC4-1CDC-8D9ED33E999E" name="PAGO_CREDITO_PAGO_TARJETA_FK">
<createdBy>Antonio</createdBy>
<createdTime>2025-09-14 02:09:09 UTC</createdTime>
<generatorID>EA2135FF-422F-5A45-FB57-4DD41D556360</generatorID>
<ownerDesignName>Centro Medico San Rafael</ownerDesignName>
<referredTableLongName>PAGO_TARJETA</referredTableLongName>
<deleteRule>NO ACTION</deleteRule>
<referredTableID>4A60BC08-6C07-EE86-41C2-746E70E17FE7</referredTableID>
<keyObject>D6CF7098-4369-80F0-D5E9-90280AAE1254</keyObject>
<referredKeyID>D6CF7098-4369-80F0-D5E9-90280AAE1254</referredKeyID>
<mandatory>true</mandatory>
<refColNames>id_pago</refColNames>
<transferable>true</transferable>
<rely>false</rely>
<columnDependencyConstraintGenerateInDDL>true</columnDependencyConstraintGenerateInDDL>
</FKIndexAssociation>