<?xml version = '1.0' encoding = 'UTF-8'?>
<FKIndexAssociation class="oracle.dbtools.crest.model.design.relational.FKIndexAssociation" directorySegmentName="seg_0" id="EA5CE662-2D79-49AA-2EE4-E59440DA2979" containerWithKeyObject="4261C573-FDCB-9332-A17A-3D8394202D0E" localFKIndex="A43B279F-882E-967C-9719-3ACE71685C76" name="ATENCION_MEDICA_MEDICO_FK">
<createdBy>Antonio</createdBy>
<createdTime>2025-09-14 02:09:09 UTC</createdTime>
<generatorID>57F30993-0CB9-46B3-7181-358E3459F022</generatorID>
<ownerDesignName>Centro Medico San Rafael</ownerDesignName>
<referredTableLongName>MEDICO</referredTableLongName>
<deleteRule>NO ACTION</deleteRule>
<referredTableID>1F266FA7-7A5F-B8CF-DCB1-97670AC3625E</referredTableID>
<keyObject>9ED563ED-820B-9878-2D68-18D6E3773AC2</keyObject>
<referredKeyID>9ED563ED-820B-9878-2D68-18D6E3773AC2</referredKeyID>
<mandatory>false</mandatory>
<refColNames>id_medico</refColNames>
<transferable>true</transferable>
<rely>false</rely>
<columnDependencyConstraintGenerateInDDL>true</columnDependencyConstraintGenerateInDDL>
</FKIndexAssociation>