<?xml version = '1.0' encoding = 'UTF-8'?>
<FKIndexAssociation class="oracle.dbtools.crest.model.design.relational.FKIndexAssociation" directorySegmentName="seg_0" id="EB073888-2C32-97ED-61B5-EAFC97C905A4" containerWithKeyObject="1F266FA7-7A5F-B8CF-DCB1-97670AC3625E" localFKIndex="B2BEF7FC-C97D-7B89-19B7-B47D859E25EE" name="MEDICO_MEDICO_FK">
<createdBy>Antonio</createdBy>
<createdTime>2025-09-14 02:09:09 UTC</createdTime>
<generatorID>7C9EE4B1-52FC-9FF5-B23B-A182C0B91C5B</generatorID>
<ownerDesignName>Centro Medico San Rafael</ownerDesignName>
<referredTableLongName>MEDICO</referredTableLongName>
<deleteRule>NO ACTION</deleteRule>
<referredTableID>1F266FA7-7A5F-B8CF-DCB1-97670AC3625E</referredTableID>
<keyObject>9ED563ED-820B-9878-2D68-18D6E3773AC2</keyObject>
<referredKeyID>9ED563ED-820B-9878-2D68-18D6E3773AC2</referredKeyID>
<mandatory>false</mandatory>
<refColNames>id_medico</refColNames>
<transferable>true</transferable>
<rely>false</rely>
<columnDependencyConstraintGenerateInDDL>true</columnDependencyConstraintGenerateInDDL>
</FKIndexAssociation>