<?xml version = '1.0' encoding = 'UTF-8'?>
<Relation class="oracle.dbtools.crest.model.design.logical.InheritanceRelation" name="Hierarchy_5" directorySegmentName="seg_0" id="46F5027D-94B6-8194-CE73-7BDDF8ABE10D">
<createdBy>Antonio</createdBy>
<createdTime>2025-09-13 20:43:06 UTC</createdTime>
<ownerDesignName>Centro Medico San Rafael</ownerDesignName>
<engineerTo>
<item key="86A98A41-C67E-FF44-5489-5033DF82C80D" value="true"/>
</engineerTo>
<arc>920EA746-4B03-8FAC-8416-4688E93E3D65</arc>
<identifying>false</identifying>
<nameOnSource>Super Type</nameOnSource>
<nameOnTarget>Sub Type</nameOnTarget>
<optionalSource>true</optionalSource>
<optionalTarget>true</optionalTarget>
<sourceEntity>85784F12-941F-EE86-4059-382CE31B6516</sourceEntity>
<targetEntity>6B88E535-D9A2-BB10-C6A7-5486A3EEDEDF</targetEntity>
<transferable>true</transferable>
<deleteRule>NO ACTION</deleteRule>
</Relation>