<?xml version = '1.0' encoding = 'UTF-8'?>
<Relation class="oracle.dbtools.crest.model.design.logical.InheritanceRelation" name="Hierarchy_16" directorySegmentName="seg_0" id="5BFE929B-0549-80EC-9C32-ED73E6B2671B">
<createdBy>Antonio</createdBy>
<createdTime>2025-09-13 22:58:59 UTC</createdTime>
<ownerDesignName>Centro Medico San Rafael</ownerDesignName>
<engineerTo>
<item key="86A98A41-C67E-FF44-5489-5033DF82C80D" value="true"/>
</engineerTo>
<arc>F49DCB07-976E-3591-78F3-D754E4452204</arc>
<identifying>false</identifying>
<nameOnSource>Super Type</nameOnSource>
<nameOnTarget>Sub Type</nameOnTarget>
<optionalSource>true</optionalSource>
<optionalTarget>true</optionalTarget>
<sourceEntity>1AB15EF9-57A7-5906-37A5-2183A263F7FE</sourceEntity>
<targetEntity>C13A455C-BF1C-7478-E707-9769C08F35A2</targetEntity>
<transferable>true</transferable>
<deleteRule>NO ACTION</deleteRule>
</Relation>