<?xml version = '1.0' encoding = 'UTF-8'?>
<Relation class="oracle.dbtools.crest.model.design.logical.InheritanceRelation" name="Hierarchy_17" directorySegmentName="seg_0" id="625DE51E-27F4-0113-695C-8EA39BC52890">
<createdBy>Antonio</createdBy>
<createdTime>2025-09-13 22:59:06 UTC</createdTime>
<ownerDesignName>Centro Medico San Rafael</ownerDesignName>
<engineerTo>
<item key="86A98A41-C67E-FF44-5489-5033DF82C80D" value="true"/>
</engineerTo>
<arc>F49DCB07-976E-3591-78F3-D754E4452204</arc>
<identifying>false</identifying>
<nameOnSource>Super Type</nameOnSource>
<nameOnTarget>Sub Type</nameOnTarget>
<optionalSource>true</optionalSource>
<optionalTarget>true</optionalTarget>
<sourceEntity>1AB15EF9-57A7-5906-37A5-2183A263F7FE</sourceEntity>
<targetEntity>E09AAF77-B460-7D81-F871-41B2D69C4A64</targetEntity>
<transferable>true</transferable>
<deleteRule>NO ACTION</deleteRule>
</Relation>