<?xml version = '1.0' encoding = 'UTF-8'?>
<Relation class="oracle.dbtools.crest.model.design.logical.InheritanceRelation" name="Hierarchy_4" directorySegmentName="seg_0" id="C4F90D99-07AA-5B50-1FCD-1A2CE11789DF">
<createdBy>Antonio</createdBy>
<createdTime>2025-09-13 20:42:51 UTC</createdTime>
<ownerDesignName>Centro Medico San Rafael</ownerDesignName>
<engineerTo>
<item key="86A98A41-C67E-FF44-5489-5033DF82C80D" value="true"/>
</engineerTo>
<arc>920EA746-4B03-8FAC-8416-4688E93E3D65</arc>
<identifying>false</identifying>
<nameOnSource>Super Type</nameOnSource>
<nameOnTarget>Sub Type</nameOnTarget>
<optionalSource>true</optionalSource>
<optionalTarget>true</optionalTarget>
<sourceEntity>85784F12-941F-EE86-4059-382CE31B6516</sourceEntity>
<targetEntity>C47406A3-F49A-7FDD-D2E5-D7B0916FB960</targetEntity>
<transferable>true</transferable>
<deleteRule>NO ACTION</deleteRule>
</Relation>