<?xml version = '1.0' encoding = 'UTF-8'?>
<Relation class="oracle.dbtools.crest.model.design.logical.InheritanceRelation" name="Hierarchy_8" directorySegmentName="seg_0" id="DFD8E1DD-EDB5-5339-8433-5B5AD2EBA9B5">
<createdBy>Antonio</createdBy>
<createdTime>2025-09-13 20:43:55 UTC</createdTime>
<ownerDesignName>Centro Medico San Rafael</ownerDesignName>
<engineerTo>
<item key="86A98A41-C67E-FF44-5489-5033DF82C80D" value="true"/>
</engineerTo>
<arc>ACAF7C46-B980-CFC0-07E4-71F30C7B85B2</arc>
<identifying>false</identifying>
<nameOnSource>Super Type</nameOnSource>
<nameOnTarget>Sub Type</nameOnTarget>
<optionalSource>true</optionalSource>
<optionalTarget>true</optionalTarget>
<sourceEntity>D2200AF7-8F74-3B9D-DF08-BA8FD599C999</sourceEntity>
<targetEntity>40220D65-2794-0C8C-9E00-4DCF32BE12B4</targetEntity>
<transferable>true</transferable>
<deleteRule>NO ACTION</deleteRule>
</Relation>