<?xml version = '1.0' encoding = 'UTF-8'?>
<InheritanceRelation class="oracle.dbtools.crest.model.design.logical.InheritanceRelation" name="Hierarchy_25" directorySegmentName="seg_0" id="EA2135FF-422F-5A45-FB57-4DD41D556360">
<createdBy>Antonio</createdBy>
<createdTime>2025-09-14 01:09:21 UTC</createdTime>
<ownerDesignName>Centro Medico San Rafael</ownerDesignName>
<engineerTo>
<item key="A096CBDB-12F5-E438-937B-44264BC46F33" value="true"/>
</engineerTo>
<arc>DFEDF39C-D8F4-91B8-F70A-6D4A920B1739</arc>
<identifying>false</identifying>
<nameOnSource>Super Type</nameOnSource>
<nameOnTarget>Sub Type</nameOnTarget>
<optionalSource>true</optionalSource>
<optionalTarget>true</optionalTarget>
<sourceEntity>E8A9A7E0-31EF-9C19-461B-DF8E99D4255E</sourceEntity>
<targetEntity>76C1B5E9-4606-658B-551E-7130F5FA078E</targetEntity>
<transferable>true</transferable>
<deleteRule>NO ACTION</deleteRule>
</InheritanceRelation>