<?xml version = '1.0' encoding = 'UTF-8'?>
<InheritanceRelation class="oracle.dbtools.crest.model.design.logical.InheritanceRelation" name="Hierarchy_21" directorySegmentName="seg_0" id="FA20F320-8AF5-65D8-90A9-5A5C71A012CD">
<createdBy>Antonio</createdBy>
<createdTime>2025-09-14 01:08:06 UTC</createdTime>
<ownerDesignName>Centro Medico San Rafael</ownerDesignName>
<engineerTo>
<item key="A096CBDB-12F5-E438-937B-44264BC46F33" value="true"/>
</engineerTo>
<arc>065D4A60-AEC4-9E08-3C2F-FD998A00EA07</arc>
<identifying>false</identifying>
<nameOnSource>Super Type</nameOnSource>
<nameOnTarget>Sub Type</nameOnTarget>
<optionalSource>true</optionalSource>
<optionalTarget>true</optionalTarget>
<sourceEntity>ABE78F17-858A-9BFC-0839-B63F66AEC76F</sourceEntity>
<targetEntity>6B956840-5D38-8541-A6B1-066A225928CD</targetEntity>
<transferable>true</transferable>
<deleteRule>NO ACTION</deleteRule>
</InheritanceRelation>